City,Date,Average Temperature,Max Temperature,Min Temperature,Average Wind Speed,Total Precipitation,Max Snow Depth
Ай-Петрі,1.2021,-0.9 °,+9.3°,-14°,3.6 м/с,246 мм,34 см
Ай-Петрі,2.2021,-1.8 °,+11.6°,-15.9°,4.7 м/с,62 мм,27 см
Ай-Петрі,3.2021,-2.5 °,+7°,-11.4°,3.1 м/с,84.9 мм,35 см
Ай-Петрі,4.2021,+3.5 °,+15.4°,-4.5°,3.6 м/с,33 мм,19 см
Ай-Петрі,5.2021,+10.9 °,+21.3°,-0.8°,3.9 м/с,30 мм,-
Ай-Петрі,6.2021,+13.5 °,+22°,+5.8°,3.3 м/с,340.7 мм,-
Ай-Петрі,7.2021,+18.7 °,+26.2°,+11.4°,3.2 м/с,95.5 мм,-
Ай-Петрі,8.2021,+17.8 °,+27.2°,+11°,3.8 м/с,39 мм,-
Ай-Петрі,9.2021,+9.8 °,+20.4°,+1.6°,3.7 м/с,98.7 мм,-
Ай-Петрі,10.2021,+5.8 °,+15.2°,-3.3°,2.9 м/с,26.5 мм,0.8 см
Ай-Петрі,11.2021,+4.8 °,+17°,-6.2°,3.2 м/с,109.2 мм,3 см
Ай-Петрі,12.2021,+0.9 °,+11.5°,-15.8°,4.2 м/с,216.6 мм,41 см
Асканія Нова,1.2021,+0.7 °,+11.8°,-17.2°,3.7 м/с,59.9 мм,3 см
Асканія Нова,2.2021,-0.2 °,+14.2°,-15°,3.8 м/с,13.8 мм,5 см
Асканія Нова,3.2021,+3.2 °,+14.2°,-15°,3.6 м/с,43.9 мм,2 см
Асканія Нова,4.2021,+9.1 °,+21.3°,-2°,3.2 м/с,41.6 мм,-
Асканія Нова,5.2021,+16.1 °,+27.8°,+1.4°,3.1 м/с,25.8 мм,-
Асканія Нова,6.2021,+20.2 °,+32.4°,+11.8°,2.8 м/с,134.6 мм,-
Асканія Нова,7.2021,+24.9 °,+36.1°,+16.4°,2.3 м/с,118.3 мм,-
Асканія Нова,8.2021,+24.1 °,+34.2°,+16°,2.6 м/с,5.8 мм,-
Асканія Нова,9.2021,+16.1 °,+29.2°,+4.6°,2.7 м/с,8.7 мм,-
Асканія Нова,10.2021,+9.8 °,+20.2°,-5.2°,3.9 м/с,9.7 мм,-
Асканія Нова,11.2021,+6.2 °,+21.4°,-8.4°,3.1 м/с,45.2 мм,-
Асканія Нова,12.2021,+2.2 °,+13.8°,-15°,4.4 м/с,59 мм,6 см
Бахмут,1.2021,-1.7 °,+7.4°,-27.2°,2.2 м/с,44.1 мм,20 см
Бахмут,2.2021,-3.3 °,+13°,-18.5°,2.4 м/с,42.8 мм,6 см
Бахмут,3.2021,+1.1 °,+14.4°,-15.7°,2.2 м/с,47 мм,8 см
Бахмут,4.2021,+8.9 °,+22°,-1.8°,1.9 м/с,35.2 мм,-
Бахмут,5.2021,+16.4 °,+29.8°,+3.1°,2.1 м/с,57.7 мм,-
Бахмут,6.2021,+20.5 °,+33.4°,+11.9°,1.6 м/с,156.7 мм,-
Бахмут,7.2021,+24.6 °,+36.8°,+11.6°,1.6 м/с,7 мм,-
Бахмут,8.2021,+23.8 °,+36°,+11.6°,1.4 м/с,71 мм,-
Бахмут,9.2021,+13.5 °,+27.3°,-0.7°,1.6 м/с,30.1 мм,-
Бахмут,10.2021,+7.7 °,+19.6°,-7.7°,2 м/с,5.8 мм,-
Бахмут,11.2021,+3.8 °,+17.2°,-12.5°,1.9 м/с,55 мм,-
Бахмут,12.2021,-0.9 °,+11.3°,-20°,2.1 м/с,77 мм,21 см
Біла Церква,1.2021,-2.6 °,+8.5°,-19.7°,3.9 м/с,40 мм,12 см
Біла Церква,2.2021,-5 °,+8.8°,-18.6°,3.9 м/с,48.5 мм,20 см
Біла Церква,3.2021,+1.9 °,+15°,-8.7°,3.8 м/с,21.5 мм,7 см
Біла Церква,4.2021,+7.5 °,+21.3°,-1.5°,3.3 м/с,23.7 мм,-
Біла Церква,5.2021,+14 °,+24.6°,+1.3°,3.2 м/с,95.3 мм,-
Біла Церква,6.2021,+19.8 °,+32.6°,+6.2°,2.6 м/с,34.9 мм,-
Біла Церква,7.2021,+23.1 °,+32.3°,+11.8°,1.7 м/с,45.6 мм,-
Біла Церква,8.2021,+19.9 °,+32.1°,+10.8°,2.4 м/с,56.1 мм,-
Біла Церква,9.2021,+12.7 °,+25.6°,+1°,2.4 м/с,16.8 мм,-
Біла Церква,10.2021,+7.2 °,+17.5°,-3.4°,2.8 м/с,0.6 мм,-
Біла Церква,11.2021,+4.5 °,+17.2°,-11.4°,3.6 м/с,20.2 мм,2 см
Біла Церква,12.2021,-1.5 °,+9.3°,-12.6°,3.6 м/с,50.8 мм,3 см
Білопілля,1.2021,-2.9 °,+7.4°,-22.4°,2.3 м/с,70.5 мм,8 см
Білопілля,2.2021,-4.4 °,+8.7°,-22°,2.3 м/с,39.3 мм,24 см
Білопілля,3.2021,+1.7 °,+13.8°,-5.6°,2.3 м/с,47.3 мм,3 см
Білопілля,4.2021,+7 °,+20.3°,-2.9°,2 м/с,21.7 мм,-
Білопілля,5.2021,+13.6 °,+25°,+1.8°,1.9 м/с,88.6 мм,-
Білопілля,6.2021,+20 °,+32.4°,+7°,1.5 м/с,49.7 мм,-
Білопілля,7.2021,+23.1 °,+33.2°,+11.1°,1 м/с,35.4 мм,-
Білопілля,8.2021,+19.4 °,+32.8°,+7°,1.4 м/с,54.8 мм,-
Білопілля,9.2021,+12.7 °,+27.1°,+2.4°,1.6 м/с,16.9 мм,-
Білопілля,10.2021,+7.3 °,+17.9°,-3.8°,1.7 м/с,0 мм,-
Білопілля,11.2021,+4.4 °,+16.3°,-7.4°,2.3 м/с,18.3 мм,-
Білопілля,12.2021,-1.9 °,+8.2°,-16.2°,2.1 м/с,59.9 мм,6 см
Берегове,1.2021,+1.1 °,+10.6°,-10.4°,0.4 м/с,57.3 мм,8 см
Берегове,2.2021,+2 °,+16°,-10.6°,0.6 м/с,62.6 мм,2 см
Берегове,3.2021,+4.5 °,+16.5°,-5°,0.6 м/с,18.1 мм,-
Берегове,4.2021,+8.9 °,+22.4°,-2.8°,0.6 м/с,46.5 мм,-
Берегове,5.2021,+14.5 °,+28°,+3.1°,0.6 м/с,46.8 мм,-
Берегове,6.2021,+21.4 °,+35.2°,+5.6°,0.4 м/с,10.6 мм,-
Берегове,7.2021,+24 °,+33.6°,+13.2°,0.4 м/с,29.5 мм,-
Берегове,8.2021,+19.9 °,+32.8°,+8.8°,0.4 м/с,66 мм,-
Берегове,9.2021,+15.4 °,+27.9°,+5.9°,0.4 м/с,15.9 мм,-
Берегове,10.2021,+9.6 °,+22.8°,-3.7°,0.4 м/с,4 мм,-
Берегове,11.2021,+5.5 °,+17.2°,-4.8°,0.4 м/с,23.4 мм,-
Берегове,12.2021,+0.8 °,+8.2°,-9.4°,0.6 м/с,82.7 мм,8 см
Бережани,1.2021,-1.7 °,+9.6°,-21.2°,2 м/с,31 мм,8 см
Бережани,2.2021,-2.6 °,+14.2°,-18.9°,2.2 м/с,69.4 мм,30 см
Бережани,3.2021,+2 °,+14°,-8.1°,1.9 м/с,47 мм,3 см
Бережани,4.2021,+6.4 °,+19.9°,-3.2°,2.2 м/с,26.8 мм,-
Бережани,5.2021,+13.2 °,+23.8°,-1.6°,2.4 м/с,55.6 мм,-
Бережани,6.2021,+18.6 °,+32.6°,+7.2°,1.6 м/с,52.6 мм,-
Бережани,7.2021,+21.8 °,+32.3°,+13.3°,1.5 м/с,79.3 мм,-
Бережани,8.2021,+17.7 °,+29.9°,+8.6°,1.2 м/с,96.9 мм,-
Бережани,9.2021,+13 °,+25.2°,+3.6°,2 м/с,48.4 мм,-
Бережани,10.2021,+7.6 °,+18.3°,-3.1°,2.1 м/с,3.9 мм,-
Бережани,11.2021,+4.2 °,+14.2°,-5.9°,1.9 м/с,12 мм,-
Бережани,12.2021,-1.8 °,+9.8°,-17°,2.3 м/с,79.3 мм,16 см
Бобринець,1.2021,-1.8 °,+9.8°,-22.1°,2.6 м/с,63 мм,6 см
Бобринець,2.2021,-3.6 °,+12.1°,-23.4°,2.8 м/с,56 мм,7 см
Бобринець,3.2021,+2.2 °,+15.2°,-7.9°,2.6 м/с,32.3 мм,9 см
Бобринець,4.2021,+7.9 °,+19.8°,-3.6°,2.5 м/с,45.1 мм,-
Бобринець,5.2021,+15.3 °,+27.3°,+2.4°,2.7 м/с,64.9 мм,-
Бобринець,6.2021,+20.1 °,+32.8°,+9.1°,2.3 м/с,144.6 мм,-
Бобринець,7.2021,+24.1 °,+33.4°,+13.1°,1.8 м/с,63.4 мм,-
Бобринець,8.2021,+21.6 °,+33°,+9.7°,2.1 м/с,57.3 мм,-
Бобринець,9.2021,+14 °,+28.5°,+2.1°,1.9 м/с,43.5 мм,-
Бобринець,10.2021,+8.6 °,+20.2°,-4.1°,2.2 м/с,32 мм,-
Бобринець,11.2021,+4.9 °,+17.9°,-8.7°,2.3 м/с,45.3 мм,-
Бобринець,12.2021,-0.3 °,+11.6°,-16.8°,2.7 м/с,85.2 мм,18 см
Богодухів,1.2021,-3.1 °,+7.2°,-22.8°,3.9 м/с,74.6 мм,10 см
Богодухів,2.2021,-5.9 °,+10.4°,-19.3°,3.6 м/с,68 мм,8 см
Богодухів,3.2021,+0.9 °,+11.3°,-12.2°,3.8 м/с,20.1 мм,7 см
Богодухів,4.2021,+7.7 °,+19.5°,-1.5°,3.4 м/с,71.6 мм,-
Богодухів,5.2021,+15.3 °,+27.1°,+3.7°,3.8 м/с,59.4 мм,-
Богодухів,6.2021,+19.9 °,+33.5°,+8.8°,3.1 м/с,106.8 мм,-
Богодухів,7.2021,+24 °,+33.1°,+12.4°,2.7 м/с,49.1 мм,-
Богодухів,8.2021,+22.6 °,+33.5°,+12.4°,2.9 м/с,65.4 мм,-
Богодухів,9.2021,+12.9 °,+26.5°,+0.9°,2.9 м/с,47.4 мм,-
Богодухів,10.2021,+8 °,+18°,-3.5°,3.1 м/с,4.9 мм,-
Богодухів,11.2021,+3.5 °,+14.7°,-8.1°,3.9 м/с,28.7 мм,-
Богодухів,12.2021,-2.5 °,+8.7°,-16.3°,3.6 м/с,47.7 мм,10 см
Броди,1.2021,-1.7 °,+9.8°,-22.8°,2.2 м/с,50 мм,12 см
Броди,2.2021,-3.1 °,+12.9°,-20°,2.5 м/с,75.4 мм,50 см
Броди,3.2021,+2.3 °,+29°,-6.7°,2.5 м/с,50.9 мм,4 см
Броди,4.2021,+6.6 °,+21.1°,-4.8°,2.6 м/с,26.6 мм,2 см
Броди,5.2021,+13.4 °,+23.3°,-0.9°,2.8 м/с,53.6 мм,-
Броди,6.2021,+18.6 °,+33.5°,+4.9°,1.9 м/с,45.4 мм,-
Броди,7.2021,+22.2 °,+32.9°,+10.7°,1.8 м/с,107.2 мм,-
Броди,8.2021,+17.6 °,+30.2°,+7.4°,1.6 м/с,136.7 мм,-
Броди,9.2021,+12.6 °,+25.3°,+2.3°,2 м/с,159 мм,-
Броди,10.2021,+8.2 °,+19.2°,-4.2°,2.3 м/с,1.6 мм,-
Броди,11.2021,+5 °,+14.7°,-5.8°,2.3 м/с,27.8 мм,-
Броди,12.2021,-1.8 °,+9.1°,-17.2°,2.4 м/с,96.4 мм,20 см
Велика Олександрівка,1.2021,-0.6 °,+10.8°,-21.2°,2.2 м/с,61.9 мм,4 см
Велика Олександрівка,2.2021,-1.6 °,+14.4°,-20.1°,2.5 м/с,26.8 мм,7 см
Велика Олександрівка,3.2021,+3.1 °,+15.8°,-9.2°,2.3 м/с,28.7 мм,2 см
Велика Олександрівка,4.2021,+8.7 °,+22.3°,-1.8°,2.1 м/с,31.7 мм,-
Велика Олександрівка,5.2021,+16.1 °,+28.5°,+2.7°,2.1 м/с,96.7 мм,-
Велика Олександрівка,6.2021,+20.4 °,+35.1°,+10.2°,1.8 м/с,112.2 мм,-
Велика Олександрівка,7.2021,+25.1 °,+35.8°,+15°,1.5 м/с,92.4 мм,-
Велика Олександрівка,8.2021,+24.2 °,+35.1°,+12.7°,1.9 м/с,13.9 мм,-
Велика Олександрівка,9.2021,+15 °,+28.9°,+3.8°,1.7 м/с,35.3 мм,-
Велика Олександрівка,10.2021,+9.4 °,+21.6°,-4.7°,2 м/с,8.5 мм,-
Велика Олександрівка,11.2021,+5.6 °,+19.6°,-7°,1.9 м/с,24.9 мм,-
Велика Олександрівка,12.2021,+1.3 °,+13.4°,-12.4°,2.5 м/с,51.4 мм,9 см
Великий Бурлук,1.2021,-3 °,+4.7°,-27.1°,3.9 м/с,87.9 мм,8 см
Великий Бурлук,2.2021,-5.6 °,+11.5°,-21.7°,3.9 м/с,61.8 мм,5 см
Великий Бурлук,3.2021,+0.4 °,+12.1°,-16.9°,3.9 м/с,20.4 мм,5 см
Великий Бурлук,4.2021,+8.2 °,+23.7°,-3.4°,3.5 м/с,34.2 мм,-
Великий Бурлук,5.2021,+15.5 °,+28.5°,+3.3°,3.6 м/с,76.5 мм,-
Великий Бурлук,6.2021,+20 °,+33.7°,+9.3°,2.9 м/с,30.5 мм,-
Великий Бурлук,7.2021,+23.6 °,+34.7°,+12.5°,2.4 м/с,35 мм,-
Великий Бурлук,8.2021,+23.5 °,+35°,+12.6°,2.5 м/с,41.4 мм,-
Великий Бурлук,9.2021,+12.9 °,+25.5°,+0.3°,2.7 м/с,54.3 мм,-
Великий Бурлук,10.2021,+7.1 °,+17.7°,-6.9°,3.1 м/с,1.3 мм,-
Великий Бурлук,11.2021,+3.2 °,+14.3°,-12.5°,3.6 м/с,33 мм,-
Великий Бурлук,12.2021,-2.9 °,+10.3°,-21.1°,3.7 м/с,52.9 мм,14 см
Веселий Поділ,1.2021,-2.5 °,+7.5°,-24.8°,2.9 м/с,52.1 мм,5 см
Веселий Поділ,2.2021,-5.3 °,+7.9°,-21.6°,3.1 м/с,60.2 мм,21 см
Веселий Поділ,3.2021,+2 °,+14°,-8.4°,3.1 м/с,19.4 мм,4 см
Веселий Поділ,4.2021,+7.8 °,+21.2°,-2.3°,2.5 м/с,36.8 мм,-
Веселий Поділ,5.2021,+15.2 °,+26.3°,+3.4°,2.9 м/с,55.2 мм,-
Веселий Поділ,6.2021,+20.4 °,+34°,+9.1°,2.7 м/с,68.5 мм,-
Веселий Поділ,7.2021,+24.5 °,+33.4°,+12.6°,1.9 м/с,37.7 мм,-
Веселий Поділ,8.2021,+22.5 °,+34.1°,+10.9°,2.5 м/с,111.5 мм,-
Веселий Поділ,9.2021,+13.7 °,+28.1°,+2.8°,2.5 м/с,48.7 мм,-
Веселий Поділ,10.2021,+7.7 °,+18.5°,-3.8°,2.1 м/с,8 мм,-
Веселий Поділ,11.2021,+4.4 °,+15.6°,-9.2°,2.7 м/с,35.8 мм,-
Веселий Поділ,12.2021,-0.8 °,+10.1°,-13.9°,3 м/с,91.4 мм,8 см
Вінниця,1.2021,-2.5 °,+7.7°,-19.5°,3.9 м/с,63.6 мм,10 см
Вінниця,2.2021,-3.8 °,+11.6°,-17.2°,4.3 м/с,59.3 мм,19 см
Вінниця,3.2021,+1.6 °,+14.8°,-7.6°,4 м/с,63.2 мм,8 см
Вінниця,4.2021,+7 °,+20.2°,-1.6°,3.5 м/с,34.2 мм,1 см
Вінниця,5.2021,+13.4 °,+23.6°,+2.2°,3.6 м/с,101.6 мм,-
Вінниця,6.2021,+19.3 °,+31.7°,+8.1°,3.5 м/с,83.1 мм,-
Вінниця,7.2021,+22.4 °,+31.4°,+11.5°,2.6 м/с,35.3 мм,-
Вінниця,8.2021,+19.2 °,+29.7°,+10.7°,2.9 м/с,52.5 мм,-
Вінниця,9.2021,+12.8 °,+25.2°,+2.9°,3.3 м/с,21.8 мм,-
Вінниця,10.2021,+7.2 °,+17.5°,-0.9°,3.9 м/с,1.4 мм,-
Вінниця,11.2021,+4.7 °,+17.7°,-5.8°,4.6 м/с,12.1 мм,0.8 см
Вінниця,12.2021,-1.6 °,+9°,-14.4°,4.1 м/с,59.1 мм,7 см
Володимир,1.2021,-2.2 °,+8°,-21.9°,2.1 м/с,70.1 мм,15 см
Володимир,2.2021,-3.8 °,+10.4°,-21.1°,2.6 м/с,49.9 мм,28 см
Володимир,3.2021,+2.5 °,+19.6°,-5.9°,2.5 м/с,16.9 мм,4 см
Володимир,4.2021,+6.7 °,+21.4°,-2.8°,2.7 м/с,38.6 мм,0.7 см
Володимир,5.2021,+13.1 °,+23.6°,-0.4°,2.8 м/с,48.7 мм,-
Володимир,6.2021,+19.7 °,+33.5°,+6.2°,2 м/с,65.7 мм,-
Володимир,7.2021,+22.6 °,+33.1°,+12.6°,1.8 м/с,33.6 мм,-
Володимир,8.2021,+17.6 °,+30°,+8°,1.9 м/с,77.2 мм,-
Володимир,9.2021,+12.7 °,+26.2°,+2°,2 м/с,26.8 мм,-
Володимир,10.2021,+8.1 °,+18.6°,-3.8°,2.4 м/с,5.2 мм,-
Володимир,11.2021,+4.7 °,+13.6°,-4.8°,2.7 м/с,25.4 мм,-
Володимир,12.2021,-1.6 °,+9.7°,-18.2°,2.5 м/с,53.3 мм,9 см
Вознесенськ,1.2021,-0.6 °,+13.6°,-20.8°,1.8 м/с,75.6 мм,14 см
Вознесенськ,2.2021,-1.5 °,+16.1°,-17.2°,1.7 м/с,52.7 мм,7 см
Вознесенськ,3.2021,+3.6 °,+16°,-7.8°,1.7 м/с,43.9 мм,4 см
Вознесенськ,4.2021,+8.9 °,+21.5°,-2.1°,1.7 м/с,45.4 мм,-
Вознесенськ,5.2021,+15.9 °,+28°,+2.8°,1.6 м/с,56.9 мм,-
Вознесенськ,6.2021,+20.7 °,+34.7°,+9.8°,1.4 м/с,87.8 мм,-
Вознесенськ,7.2021,+25.3 °,+35.6°,+13.3°,1.2 м/с,61 мм,-
Вознесенськ,8.2021,+22.9 °,+34.3°,+11.5°,1.4 м/с,21.8 мм,-
Вознесенськ,9.2021,+15.2 °,+30.1°,+4.2°,1.3 м/с,35.9 мм,-
Вознесенськ,10.2021,+9.4 °,+22.6°,-2.7°,1.4 м/с,39.9 мм,-
Вознесенськ,11.2021,+6.2 °,+18.8°,-8.2°,1.5 м/с,44.1 мм,-
Вознесенськ,12.2021,+1.4 °,+14°,-11.4°,2 м/с,73.6 мм,10 см
Гадяч,1.2021,-3.2 °,+7.5°,-22.8°,2.4 м/с,53.1 мм,9 см
Гадяч,2.2021,-6 °,+9.7°,-19.2°,2.2 м/с,53.1 мм,21 см
Гадяч,3.2021,+1.4 °,+13.2°,-10.2°,2.5 м/с,18.1 мм,11 см
Гадяч,4.2021,+7.8 °,+20.1°,-1.8°,2.1 м/с,42.5 мм,-
Гадяч,5.2021,+15.2 °,+28°,+3.2°,2.4 м/с,86.4 мм,-
Гадяч,6.2021,+20.8 °,+34.9°,+7.6°,2.1 м/с,37.7 мм,-
Гадяч,7.2021,+24.2 °,+32.8°,+12.3°,1.8 м/с,31.4 мм,-
Гадяч,8.2021,+22.6 °,+34°,+12.2°,1.7 м/с,31.5 мм,-
Гадяч,9.2021,+12.8 °,+27.6°,+3°,1.7 м/с,90.6 мм,-
Гадяч,10.2021,+7.3 °,+18.2°,-3.4°,1.7 м/с,7.8 мм,-
Гадяч,11.2021,+3.8 °,+15.7°,-8.5°,2.5 м/с,43.1 мм,1 см
Гадяч,12.2021,-2 °,+9.4°,-14.9°,2.3 м/с,54.2 мм,11 см
Гайворон,1.2021,-1.5 °,+8.8°,-17.7°,1.8 м/с,55.7 мм,22 см
Гайворон,2.2021,-3 °,+13.8°,-16.5°,1.8 м/с,34.8 мм,19 см
Гайворон,3.2021,+2.5 °,+16.3°,-8°,2 м/с,43.1 мм,9 см
Гайворон,4.2021,+7.5 °,+22.7°,-2.6°,1.4 м/с,49.8 мм,-
Гайворон,5.2021,+14.5 °,+25.5°,+1.8°,1.6 м/с,64.4 мм,-
Гайворон,6.2021,+20 °,+32.6°,+9.5°,1.8 м/с,156.1 мм,-
Гайворон,7.2021,+23.7 °,+33°,+12.2°,1.1 м/с,22.3 мм,-
Гайворон,8.2021,+20.4 °,+32.6°,+11.3°,1.1 м/с,109.6 мм,-
Гайворон,9.2021,+13.5 °,+26.8°,+2.3°,1.4 м/с,8.7 мм,-
Гайворон,10.2021,+7.5 °,+20.4°,-3.4°,1.1 м/с,3.3 мм,-
Гайворон,11.2021,+5.2 °,+19.1°,-9.4°,1.5 м/с,17.9 мм,-
Гайворон,12.2021,-0.3 °,+10.3°,-16.2°,1.8 м/с,82.5 мм,15 см
Гайсин,1.2021,-2.1 °,+8.4°,-18.7°,2.4 м/с,59 мм,20 см
Гайсин,2.2021,-3.3 °,+12.5°,-17.3°,2.3 м/с,43.8 мм,24 см
Гайсин,3.2021,+2.1 °,+16.2°,-7°,2.4 м/с,51.1 мм,7 см
Гайсин,4.2021,+7.5 °,+22.3°,-3°,2 м/с,41.6 мм,-
Гайсин,5.2021,+14.3 °,+24.3°,+2.5°,2.2 м/с,72.9 мм,-
Гайсин,6.2021,+19.9 °,+32.4°,+9.1°,2.4 м/с,75.2 мм,-
Гайсин,7.2021,+23.2 °,+32.2°,+11.2°,1.6 м/с,61 мм,-
Гайсин,8.2021,+20.1 °,+32.4°,+10.8°,1.6 м/с,86.4 мм,-
Гайсин,9.2021,+13.1 °,+25.9°,+2.8°,1.8 м/с,11.7 мм,-
Гайсин,10.2021,+7.3 °,+18.8°,-2.3°,1.7 м/с,0.4 мм,-
Гайсин,11.2021,+4.9 °,+17.6°,-9.1°,2 м/с,17.6 мм,-
Гайсин,12.2021,-0.9 °,+9.8°,-12.7°,2.6 м/с,75 мм,9 см
Генічеськ,1.2021,+0.9 °,+11.4°,-15.1°,3 м/с,56.6 мм,3 см
Генічеськ,2.2021,+0.1 °,+12.5°,-13.7°,3.4 м/с,26.7 мм,9 см
Генічеськ,3.2021,+3.2 °,+15.5°,-6.6°,2.6 м/с,35.1 мм,3 см
Генічеськ,4.2021,+9.4 °,+17.2°,+0.3°,2.8 м/с,30.9 мм,-
Генічеськ,5.2021,+17.3 °,+28°,+5.4°,3 м/с,48.9 мм,-
Генічеськ,6.2021,+21.7 °,+33.8°,+14.2°,3 м/с,132.4 мм,-
Генічеськ,7.2021,+26 °,+35.3°,+15.9°,2.2 м/с,82.2 мм,-
Генічеськ,8.2021,+24.7 °,+33.3°,+16.7°,2 м/с,58.5 мм,-
Генічеськ,9.2021,+16.6 °,+29.6°,+7.8°,2.4 м/с,25.9 мм,-
Генічеськ,10.2021,+10.7 °,+20.8°,+1.6°,4.5 м/с,13.8 мм,-
Генічеськ,11.2021,+7.6 °,+16.6°,-2.3°,2.3 м/с,33.3 мм,-
Генічеськ,12.2021,+3.1 °,+13.1°,-12.5°,3.3 м/с,91.4 мм,7 см
Губиниха,1.2021,-2 °,+7.4°,-23°,3 м/с,67.5 мм,11 см
Губиниха,2.2021,-4.2 °,+12.4°,-19.8°,3 м/с,54.8 мм,9 см
Губиниха,3.2021,+1.8 °,+14°,-12.8°,3.1 м/с,33.4 мм,4 см
Губиниха,4.2021,+8.1 °,+19.8°,-1.9°,2.3 м/с,63 мм,-
Губиниха,5.2021,+16 °,+28.4°,+2.3°,2.9 м/с,50 мм,-
Губиниха,6.2021,+20 °,+33°,+8.1°,2.6 м/с,84.8 мм,-
Губиниха,7.2021,+23.9 °,+33.4°,+14°,2.3 м/с,32.8 мм,-
Губиниха,8.2021,+23 °,+33.8°,+12°,1.9 м/с,58.3 мм,-
Губиниха,9.2021,+13.8 °,+28.2°,+3.1°,2.1 м/с,28 мм,-
Губиниха,10.2021,+8.8 °,+20.2°,-4.9°,2.8 м/с,7.1 мм,-
Губиниха,11.2021,+4.2 °,+17.2°,-7.9°,2.6 м/с,46.1 мм,-
Губиниха,12.2021,-1.1 °,+10.8°,-17.8°,3.1 м/с,44.8 мм,12 см
Дніпро,1.2021,-2 °,+7.4°,-21.2°,4 м/с,57.9 мм,18 см
Дніпро,2.2021,-3.8 °,+13°,-17.5°,4.3 м/с,53.5 мм,9 см
Дніпро,3.2021,+1.6 °,+14°,-12.5°,4.2 м/с,49 мм,7 см
Дніпро,4.2021,+8 °,+19.7°,-1°,3.5 м/с,54.4 мм,-
Дніпро,5.2021,+15.8 °,+29.2°,+2.7°,4.2 м/с,27.9 мм,-
Дніпро,6.2021,+19.5 °,+33.3°,+9.4°,3.7 м/с,202.5 мм,-
Дніпро,7.2021,+23.6 °,+34.8°,+14.6°,3.6 м/с,70.8 мм,-
Дніпро,8.2021,+22.8 °,+33.8°,+14.4°,3.3 м/с,51.1 мм,-
Дніпро,9.2021,+13.8 °,+29.3°,+2.8°,3.3 м/с,23.9 мм,-
Дніпро,10.2021,+8.4 °,+20.2°,-2°,4.3 м/с,2.2 мм,-
Дніпро,11.2021,+4.3 °,+17.6°,-6.5°,3.9 м/с,38.2 мм,-
Дніпро,12.2021,-0.9 °,+10.7°,-16.7°,4.3 м/с,49.6 мм,31 см
Дрогобич,1.2021,-0.3 °,+11°,-18.6°,2.2 м/с,50.7 мм,13 см
Дрогобич,2.2021,-1.4 °,+16.7°,-16.8°,2.8 м/с,68.3 мм,39 см
Дрогобич,3.2021,+2.8 °,+17.2°,-8.5°,2.6 м/с,42.1 мм,7 см
Дрогобич,4.2021,+6.6 °,+22.2°,-4°,2.6 м/с,38.6 мм,1 см
Дрогобич,5.2021,+13.4 °,+25.4°,-0.1°,3.1 м/с,50.3 мм,-
Дрогобич,6.2021,+18.2 °,+31.3°,+2.4°,1.6 м/с,79.1 мм,-
Дрогобич,7.2021,+21.5 °,+32.2°,+11.5°,1.7 м/с,63 мм,-
Дрогобич,8.2021,+17.6 °,+30.7°,+4.6°,1.9 м/с,129 мм,-
Дрогобич,9.2021,+13 °,+27.3°,+0.8°,2.4 м/с,76.9 мм,-
Дрогобич,10.2021,+7.8 °,+19.4°,-5°,1.8 м/с,4.5 мм,-
Дрогобич,11.2021,+4.6 °,+16.9°,-8°,2.1 м/с,22.8 мм,-
Дрогобич,12.2021,-1.2 °,+8.8°,-10.6°,2.3 м/с,63.6 мм,29 см
Дружба,1.2021,-4.5 °,+5.1°,-27.6°,2.1 м/с,60.5 мм,17 см
Дружба,2.2021,-8.4 °,+9.8°,-25°,1.7 м/с,62.6 мм,39 см
Дружба,3.2021,-0.2 °,+11.5°,-16.4°,1.9 м/с,22.7 мм,11 см
Дружба,4.2021,+6.4 °,+18.4°,-4.9°,1.6 м/с,48.6 мм,6 см
Дружба,5.2021,+13.5 °,+29.7°,-1.1°,2 м/с,110.8 мм,-
Дружба,6.2021,+19.6 °,+34.2°,+5.5°,1.4 м/с,62.1 мм,-
Дружба,7.2021,+22 °,+31.7°,+9.2°,0.9 м/с,166.7 мм,-
Дружба,8.2021,+19.7 °,+31.2°,+7.7°,1.3 м/с,74.1 мм,-
Дружба,9.2021,+10.3 °,+24.9°,-0.4°,1.5 м/с,108.9 мм,-
Дружба,10.2021,+5.6 °,+16.4°,-5.3°,1.5 м/с,34.3 мм,-
Дружба,11.2021,+2.4 °,+12.8°,-11.8°,2.1 м/с,43.1 мм,1 см
Дружба,12.2021,-3.7 °,+3.9°,-16°,1.9 м/с,52.3 мм,6 см
Жашків,1.2021,-2.6 °,+8.2°,-19.8°,1.4 м/с,61.7 мм,18 см
Жашків,2.2021,-4.3 °,+9.4°,-17.2°,1.4 м/с,39.5 мм,28 см
Жашків,3.2021,+1.8 °,+15.7°,-7.6°,1.5 м/с,33.9 мм,9 см
Жашків,4.2021,+7.4 °,+21°,-1°,1.3 м/с,36.7 мм,-
Жашків,5.2021,+14 °,+24.5°,+3.1°,1.3 м/с,81 мм,-
Жашків,6.2021,+20 °,+32.3°,+8.2°,1.2 м/с,68.9 мм,-
Жашків,7.2021,+23.6 °,+33°,+15.2°,0.7 м/с,45.5 мм,-
Жашків,8.2021,+20.3 °,+31.9°,+11.6°,0.9 м/с,76.6 мм,-
Жашків,9.2021,+13.2 °,+26.1°,+3.8°,1 м/с,14.5 мм,-
Жашків,10.2021,+7.5 °,+18°,-1.4°,0.9 м/с,2.5 мм,-
Жашків,11.2021,+4.7 °,+15.2°,-7.5°,1.3 м/с,19.3 мм,-
Жашків,12.2021,-1.3 °,+8.6°,-13.3°,1.4 м/с,77.7 мм,10 см
Житомир,1.2021,-2.3 °,+8.8°,-20.2°,1.5 м/с,67.6 мм,10 см
Житомир,2.2021,-3.9 °,+13.7°,-21.6°,1.7 м/с,63.4 мм,29 см
Житомир,3.2021,+2.3 °,+13.3°,-8.2°,1.6 м/с,69.7 мм,7 см
Житомир,4.2021,+7.5 °,+20°,-2.1°,1.4 м/с,21.8 мм,-
Житомир,5.2021,+13.8 °,+23.1°,+2.5°,1.5 м/с,195.5 мм,-
Житомир,6.2021,+20.4 °,+33.8°,+6.5°,1.1 м/с,49.1 мм,-
Житомир,7.2021,+23.5 °,+32.6°,+12.4°,0.6 м/с,37.1 мм,-
Житомир,8.2021,+19.4 °,+30.4°,+8.6°,0.8 м/с,85.3 мм,-
Житомир,9.2021,+12.7 °,+24.6°,+3.2°,0.9 м/с,42.6 мм,-
Житомир,10.2021,+7.9 °,+17°,-2.1°,1.5 м/с,0.7 мм,-
Житомир,11.2021,+5 °,+16.6°,-4.9°,1.9 м/с,15.6 мм,-
Житомир,12.2021,-1.6 °,+8.5°,-13.8°,1.8 м/с,68.8 мм,9 см
Жмеринка,1.2021,-2.2 °,+7.7°,-18.8°,2.9 м/с,48.2 мм,8 см
Жмеринка,2.2021,-3.2 °,+12.4°,-16.5°,3.1 м/с,45.8 мм,16 см
Жмеринка,3.2021,+1.7 °,+14.8°,-6.1°,3 м/с,47.4 мм,10 см
Жмеринка,4.2021,+7.1 °,+20.2°,-1.8°,2.8 м/с,22.6 мм,-
Жмеринка,5.2021,+13.5 °,+23.3°,+3.1°,2.6 м/с,123.3 мм,-
Жмеринка,6.2021,+19.2 °,+31.2°,+7.9°,2.5 м/с,76.3 мм,-
Жмеринка,7.2021,+22.3 °,+30.9°,+12.9°,1.6 м/с,66.3 мм,-
Жмеринка,8.2021,+19.3 °,+29.9°,+9°,1.8 м/с,61.1 мм,-
Жмеринка,9.2021,+13 °,+25.4°,+3.5°,2.3 м/с,22.9 мм,-
Жмеринка,10.2021,+7.5 °,+18°,-0.9°,2.3 м/с,2.6 мм,-
Жмеринка,11.2021,+4.8 °,+18.6°,-6°,2.8 м/с,37.4 мм,-
Жмеринка,12.2021,-1.6 °,+9.5°,-15°,2.9 м/с,83.2 мм,11 см
Запоріжжя,1.2021,-1 °,+9.3°,-20.8°,3.4 м/с,80.4 мм,8 см
Запоріжжя,2.2021,-2.7 °,+14°,-15.5°,3.8 м/с,31.3 мм,7 см
Запоріжжя,3.2021,+2.3 °,+15.3°,-12.9°,3.7 м/с,42.1 мм,8 см
Запоріжжя,4.2021,+8.5 °,+20.3°,-2°,3.2 м/с,63.2 мм,-
Запоріжжя,5.2021,+16.3 °,+29.1°,+2.4°,3.6 м/с,40.2 мм,-
Запоріжжя,6.2021,+20.6 °,+32.7°,+11.5°,2.7 м/с,234.6 мм,-
Запоріжжя,7.2021,+24.6 °,+34.1°,+14.5°,2.9 м/с,61.8 мм,-
Запоріжжя,8.2021,+23.8 °,+33.9°,+15.2°,2.6 м/с,63.8 мм,-
Запоріжжя,9.2021,+14.8 °,+28.3°,+1.7°,2.8 м/с,15.5 мм,-
Запоріжжя,10.2021,+9.3 °,+19.5°,-3.1°,3.4 м/с,3.1 мм,-
Запоріжжя,11.2021,+4.9 °,+17.6°,-6.7°,3 м/с,44.1 мм,-
Запоріжжя,12.2021,+0.2 °,+12.9°,-16.3°,3.6 м/с,46.8 мм,16 см
Звенигородка,1.2021,-2.4 °,+8.4°,-19.7°,2.6 м/с,61.9 мм,23 см
Звенигородка,2.2021,-4.4 °,+8.2°,-16.9°,2.3 м/с,50.5 мм,28 см
Звенигородка,3.2021,+1.9 °,+14.5°,-7.8°,2.5 м/с,28.3 мм,10 см
Звенигородка,4.2021,+7.5 °,+21.5°,-1.5°,2.1 м/с,54.2 мм,-
Звенигородка,5.2021,+14.2 °,+25.2°,+3.1°,2.1 м/с,68.7 мм,-
Звенигородка,6.2021,+20 °,+32.3°,+8°,2.1 м/с,64.5 мм,-
Звенигородка,7.2021,+23.6 °,+32.1°,+13.4°,1.3 м/с,72.5 мм,-
Звенигородка,8.2021,+20.8 °,+31.5°,+11.9°,1.7 м/с,61.4 мм,-
Звенигородка,9.2021,+13.3 °,+26.5°,+3.5°,1.8 м/с,34 мм,-
Звенигородка,10.2021,+7.8 °,+19.4°,-1.4°,1.5 м/с,17.9 мм,-
Звенигородка,11.2021,+4.7 °,+15°,-7.8°,2.1 м/с,32.4 мм,1 см
Звенигородка,12.2021,-1 °,+8.7°,-12.8°,2.3 м/с,83.5 мм,8 см
Знам’янка,1.2021,-2.4 °,+9.3°,-22.2°,2.7 м/с,55.5 мм,9 см
Знам’янка,2.2021,-4.4 °,+9.7°,-18.6°,2.7 м/с,54.4 мм,10 см
Знам’янка,3.2021,+1.7 °,+14.7°,-8.9°,2.7 м/с,25.9 мм,8 см
Знам’янка,4.2021,+7.6 °,+21.9°,-0.9°,2.4 м/с,38.3 мм,-
Знам’янка,5.2021,+15 °,+26.7°,+2°,2.7 м/с,68.4 мм,-
Знам’янка,6.2021,+19.7 °,+32.5°,+8.7°,2.2 м/с,117 мм,-
Знам’янка,7.2021,+23.7 °,+32.4°,+13°,1.9 м/с,81.9 мм,-
Знам’янка,8.2021,+21.7 °,+33.4°,+11.6°,2.2 м/с,36 мм,-
Знам’янка,9.2021,+13.6 °,+28.1°,+2.1°,2.1 м/с,49.4 мм,-
Знам’янка,10.2021,+7.6 °,+20.1°,-2°,2.1 м/с,26.4 мм,-
Знам’янка,11.2021,+4.2 °,+14°,-8.9°,2.4 м/с,40.6 мм,3 см
Знам’янка,12.2021,-0.9 °,+10.5°,-16.2°,2.9 м/с,70 мм,13 см
Івано-Франківськ,1.2021,-1.6 °,+12.5°,-19.4°,2.1 м/с,39.4 мм,11 см
Івано-Франківськ,2.2021,-1.9 °,+17.8°,-22.6°,3.1 м/с,42.1 мм,14 см
Івано-Франківськ,3.2021,+2.6 °,+16.3°,-7.4°,2.6 м/с,68.7 мм,9 см
Івано-Франківськ,4.2021,+6.5 °,+20.6°,-4.4°,2.7 м/с,40.4 мм,1 см
Івано-Франківськ,5.2021,+13.3 °,+26.1°,-0.3°,3 м/с,92.2 мм,-
Івано-Франківськ,6.2021,+18.6 °,+32.2°,+5.6°,2.3 м/с,94.6 мм,-
Івано-Франківськ,7.2021,+21.6 °,+32.1°,+11.1°,2 м/с,153 мм,-
Івано-Франківськ,8.2021,+18.1 °,+30.8°,+7.5°,1.6 м/с,54.1 мм,-
Івано-Франківськ,9.2021,+13.4 °,+27°,+1°,2.5 м/с,27.1 мм,-
Івано-Франківськ,10.2021,+6.8 °,+19.1°,-5.3°,2.2 м/с,11.4 мм,-
Івано-Франківськ,11.2021,+3.5 °,+15.8°,-8.3°,1.9 м/с,17.1 мм,-
Івано-Франківськ,12.2021,-1.3 °,+11.1°,-11.7°,2.6 м/с,92.8 мм,20 см
Ізмаїл,1.2021,+2.1 °,+12.8°,-12.4°,2.5 м/с,73.1 мм,14 см
Ізмаїл,2.2021,+1.9 °,+18.4°,-12°,2.3 м/с,15.5 мм,3 см
Ізмаїл,3.2021,+4.6 °,+17.8°,-5°,2.9 м/с,28.3 мм,-
Ізмаїл,4.2021,+9.5 °,+19.8°,-1.8°,2.2 м/с,38.2 мм,-
Ізмаїл,5.2021,+16.5 °,+27.2°,+4.8°,2.5 м/с,35.9 мм,-
Ізмаїл,6.2021,+20.4 °,+32.6°,+10.5°,2.5 м/с,123.8 мм,-
Ізмаїл,7.2021,+24.7 °,+35.3°,+15°,2.2 м/с,25.7 мм,-
Ізмаїл,8.2021,+24.1 °,+34.3°,+14.2°,2.4 м/с,16.8 мм,-
Ізмаїл,9.2021,+17.1 °,+29.5°,+7.6°,2.7 м/с,9.4 мм,-
Ізмаїл,10.2021,+10.7 °,+22.8°,+0.1°,2.5 м/с,30 мм,-
Ізмаїл,11.2021,+7.8 °,+21.6°,-5°,2 м/с,19.9 мм,-
Ізмаїл,12.2021,+3.1 °,+14.6°,-7.9°,2.8 м/с,63 мм,1 см
Ізюм,1.2021,-1.4 °,+8.3°,-28.8°,2 м/с,44.5 мм,13 см
Ізюм,2.2021,-3.7 °,+13.1°,-19.4°,2.1 м/с,39.9 мм,2 см
Ізюм,3.2021,+1.2 °,+14.8°,-15.7°,2 м/с,29.2 мм,3 см
Ізюм,4.2021,+8.8 °,+21.5°,-3.4°,1.6 м/с,32.6 мм,-
Ізюм,5.2021,+16.2 °,+28.6°,+1.5°,1.9 м/с,68.5 мм,-
Ізюм,6.2021,+20.7 °,+34.6°,+11°,1.5 м/с,162.2 мм,-
Ізюм,7.2021,+24.4 °,+35.9°,+12°,1.4 м/с,40.8 мм,-
Ізюм,8.2021,+23.9 °,+34.8°,+11.9°,1 м/с,30.5 мм,-
Ізюм,9.2021,+13.2 °,+27.9°,-1.6°,1.3 м/с,40 мм,-
Ізюм,10.2021,+7.6 °,+19.2°,-7.1°,1.4 м/с,3.3 мм,-
Ізюм,11.2021,+3.7 °,+14.2°,-13.2°,1.5 м/с,31 мм,-
Ізюм,12.2021,-1.1 °,+11.5°,-21°,1.6 м/с,54.9 мм,23 см
Кам’янець-Подільський,1.2021,-1.1 °,+8.8°,-19.7°,2.4 м/с,23.1 мм,5 см
Кам’янець-Подільський,2.2021,-2.6 °,+14.8°,-18.6°,2.5 м/с,43.2 мм,8 см
Кам’янець-Подільський,3.2021,+2.1 °,+14.1°,-5.5°,2.4 м/с,51.8 мм,2 см
Кам’янець-Подільський,4.2021,+7.2 °,+20.7°,-4.7°,2.5 м/с,29.6 мм,1 см
Кам’янець-Подільський,5.2021,+14.2 °,+23.4°,-0.6°,3 м/с,72.8 мм,-
Кам’янець-Подільський,6.2021,+19.5 °,+32.4°,+9.5°,2.4 м/с,83.3 мм,-
Кам’янець-Подільський,7.2021,+22.3 °,+32.2°,+10.4°,1.9 м/с,94.3 мм,-
Кам’янець-Подільський,8.2021,+19 °,+30.2°,+9°,1.8 м/с,169.7 мм,-
Кам’янець-Подільський,9.2021,+13.3 °,+24.8°,+3°,2 м/с,8.9 мм,-
Кам’янець-Подільський,10.2021,+8 °,+19.8°,-3°,2.1 м/с,5.5 мм,-
Кам’янець-Подільський,11.2021,+4.8 °,+17°,-6.8°,2.4 м/с,12.6 мм,-
Кам’янець-Подільський,12.2021,-1.2 °,+9.6°,-15.8°,2.4 м/с,85.4 мм,14 см
Керч,1.2021,+3.7 °,+13.2°,-13.7°,4.9 м/с,39.8 мм,4 см
Керч,2.2021,+1.5 °,+14.1°,-9.1°,5.1 м/с,50.2 мм,47 см
Керч,3.2021,+4 °,+14.2°,-4.9°,4.7 м/с,22.7 мм,-
Керч,4.2021,+9.1 °,+19.2°,+1.6°,3.8 м/с,37.6 мм,-
Керч,5.2021,+15.8 °,+25.6°,+4.1°,3.8 м/с,13.8 мм,-
Керч,6.2021,+20.6 °,+29.5°,+12.5°,3.3 м/с,180.3 мм,-
Керч,7.2021,+25.7 °,+34.5°,+16.3°,3.5 м/с,53.8 мм,-
Керч,8.2021,+24 °,+33°,+17.2°,3 м/с,224.3 мм,-
Керч,9.2021,+16.7 °,+26.6°,+10°,3.9 м/с,42.2 мм,-
Керч,10.2021,+10.7 °,+21°,+1.8°,4.6 м/с,1.8 мм,-
Керч,11.2021,+8.1 °,+19.5°,-4.7°,3.4 м/с,27.2 мм,-
Керч,12.2021,+5.2 °,+14.9°,-10.1°,3.8 м/с,69.2 мм,1 см
Київ,1.2021,-2.6 °,+8.4°,-20°,2.2 м/с,61.3 мм,14 см
Київ,2.2021,-4.5 °,+11.5°,-15.7°,2.1 м/с,61.9 мм,28 см
Київ,3.2021,+2.7 °,+15.4°,-7.7°,2.4 м/с,18.2 мм,5 см
Київ,4.2021,+8 °,+21°,-0.4°,1.6 м/с,46 мм,-
Київ,5.2021,+14.3 °,+24.8°,+3.4°,1.7 м/с,78.7 мм,-
Київ,6.2021,+21.3 °,+34.7°,+7.8°,1.9 м/с,23.7 мм,-
Київ,7.2021,+24.6 °,+33.3°,+15°,1.4 м/с,62.7 мм,-
Київ,8.2021,+21.1 °,+33.2°,+13.8°,1.6 м/с,66.2 мм,-
Київ,9.2021,+13.6 °,+26.6°,+4.6°,1.6 м/с,22.9 мм,-
Київ,10.2021,+8.4 °,+17°,-1.3°,1.5 м/с,1.6 мм,-
Київ,11.2021,+4.8 °,+15.6°,-7°,2.1 м/с,31.1 мм,4 см
Київ,12.2021,-1.5 °,+7.1°,-13°,2.2 м/с,67.1 мм,11 см
Кирилівка,1.2021,-1.3 °,+9.2°,-22.8°,1.6 м/с,55.6 мм,11 см
Кирилівка,2.2021,-2.9 °,+14°,-16°,1.8 м/с,21.9 мм,3 см
Кирилівка,3.2021,+1.5 °,+13.4°,-14.4°,1.5 м/с,51.6 мм,8 см
Кирилівка,4.2021,+8.1 °,+20.2°,-3°,1.4 м/с,44.5 мм,-
Кирилівка,5.2021,+15.8 °,+28.2°,+0.9°,1.3 м/с,29.9 мм,-
Кирилівка,6.2021,+19.9 °,+32.4°,+11°,0.7 м/с,96.1 мм,-
Кирилівка,7.2021,+24.2 °,+34.8°,+12°,0.7 м/с,56.7 мм,-
Кирилівка,8.2021,+23.7 °,+35°,+14.2°,0.8 м/с,20.7 мм,-
Кирилівка,9.2021,+14.3 °,+27°,+2.7°,0.8 м/с,45.6 мм,-
Кирилівка,10.2021,+8.4 °,+18.6°,-4.5°,0.9 м/с,1.5 мм,-
Кирилівка,11.2021,+4.5 °,+16.1°,-7.1°,1.2 м/с,43.1 мм,-
Кирилівка,12.2021,-0.1 °,+10.8°,-17.6°,1.2 м/с,96.4 мм,10 см
Клепиніне,1.2021,+2.4 °,+14.5°,-17°,2.7 м/с,49.6 мм,4 см
Клепиніне,2.2021,+1.1 °,+17°,-20.2°,3.1 м/с,27.7 мм,10 см
Клепиніне,3.2021,+3.5 °,+18.6°,-10.2°,2.6 м/с,35.3 мм,5 см
Клепиніне,4.2021,+9.2 °,+23.5°,-1.6°,2.5 м/с,24.1 мм,-
Клепиніне,5.2021,+16.6 °,+29.7°,+2.5°,2.4 м/с,51.1 мм,-
Клепиніне,6.2021,+20.5 °,+31.9°,+12.7°,2.3 м/с,120.5 мм,-
Клепиніне,7.2021,+25.3 °,+35.9°,+12.7°,2.2 м/с,42.6 мм,-
Клепиніне,8.2021,+24.6 °,+35.9°,+12°,2 м/с,22.3 мм,-
Клепиніне,9.2021,+16.3 °,+29°,+6.4°,2.1 м/с,39.7 мм,-
Клепиніне,10.2021,+10.3 °,+21°,-1.4°,2.4 м/с,2.6 мм,-
Клепиніне,11.2021,+7.6 °,+25.7°,-7.2°,2.1 м/с,37.6 мм,-
Клепиніне,12.2021,+4.1 °,+18.3°,-15.5°,2.6 м/с,87.5 мм,4 см
Кропивницький,1.2021,-2.1 °,+9.9°,-22.4°,4.2 м/с,54.6 мм,9 см
Кропивницький,2.2021,-4.3 °,+9.4°,-24.2°,4.1 м/с,56.6 мм,19 см
Кропивницький,3.2021,+2 °,+15°,-7.7°,4.2 м/с,31.3 мм,7 см
Кропивницький,4.2021,+7.8 °,+20.6°,-1.4°,3.5 м/с,42.4 мм,-
Кропивницький,5.2021,+14.7 °,+26.7°,+2.2°,3.7 м/с,72.8 мм,-
Кропивницький,6.2021,+19.6 °,+33.2°,+9°,3.5 м/с,78.9 мм,-
Кропивницький,7.2021,+23.6 °,+33°,+11.2°,2.8 м/с,55.4 мм,-
Кропивницький,8.2021,+21.1 °,+31.9°,+10.2°,3.3 м/с,75.9 мм,-
Кропивницький,9.2021,+13.4 °,+28°,+2.3°,3 м/с,59.3 мм,-
Кропивницький,10.2021,+7.8 °,+19.8°,-2.2°,3.3 м/с,33 мм,-
Кропивницький,11.2021,+4.5 °,+15.3°,-9.3°,3.5 м/с,43.8 мм,1 см
Кропивницький,12.2021,-0.7 °,+11.1°,-15.4°,4 м/с,75.1 мм,19 см
Кобеляки,1.2021,-2 °,+7.2°,-20.5°,3.2 м/с,65.3 мм,8 см
Кобеляки,2.2021,-4.2 °,+11.6°,-18.9°,3.2 м/с,70.7 мм,14 см
Кобеляки,3.2021,+2 °,+13°,-9.4°,3.2 м/с,23 мм,6 см
Кобеляки,4.2021,+8.1 °,+20.8°,-1°,2.7 м/с,54.8 мм,-
Кобеляки,5.2021,+15.8 °,+28.7°,+3.5°,3 м/с,39.4 мм,-
Кобеляки,6.2021,+20.5 °,+34.4°,+9°,2.8 м/с,95.6 мм,-
Кобеляки,7.2021,+24.6 °,+34°,+13.2°,2.4 м/с,49.6 мм,-
Кобеляки,8.2021,+23 °,+33°,+13°,2.4 м/с,53.4 мм,-
Кобеляки,9.2021,+13.9 °,+28.2°,+4°,2.5 м/с,41 мм,-
Кобеляки,10.2021,+8.5 °,+20.3°,-2.2°,2.7 м/с,3.3 мм,-
Кобеляки,11.2021,+4.4 °,+16.4°,-7.5°,2.8 м/с,30 мм,-
Кобеляки,12.2021,-1 °,+11.6°,-14.5°,3 м/с,62.7 мм,17 см
Ковель,1.2021,-2.1 °,+8.7°,-22.7°,2.4 м/с,78.4 мм,17 см
Ковель,2.2021,-3.4 °,+13.3°,-19.2°,2.5 м/с,51.9 мм,22 см
Ковель,3.2021,+2.4 °,+19.9°,-7.8°,2.6 м/с,21.5 мм,4 см
Ковель,4.2021,+6.8 °,+21.1°,-3.3°,2.7 м/с,30.2 мм,-
Ковель,5.2021,+13 °,+23°,-0.3°,2.7 м/с,101.8 мм,-
Ковель,6.2021,+19.8 °,+35°,+5.8°,1.9 м/с,33.1 мм,-
Ковель,7.2021,+22.6 °,+34.1°,+12.3°,1.6 м/с,113 мм,-
Ковель,8.2021,+17.4 °,+29.6°,+8.8°,1.6 м/с,124.4 мм,-
Ковель,9.2021,+12.4 °,+26°,+2.1°,2 м/с,48.2 мм,-
Ковель,10.2021,+8 °,+17.8°,-3.7°,2.4 м/с,1.3 мм,-
Ковель,11.2021,+4.6 °,+13.1°,-5.7°,2.7 м/с,29.7 мм,-
Ковель,12.2021,-2.1 °,+9°,-16.8°,2.5 м/с,48.7 мм,6 см
Коломия,1.2021,-1.6 °,+14.2°,-18.5°,1.5 м/с,15.8 мм,7 см
Коломия,2.2021,-2.2 °,+16.3°,-20°,2.2 м/с,49.9 мм,18 см
Коломия,3.2021,+2.1 °,+14.5°,-7.8°,2.1 м/с,73.4 мм,4 см
Коломия,4.2021,+6.3 °,+20.5°,-3.8°,1.7 м/с,24.3 мм,1 см
Коломия,5.2021,+12.9 °,+25.1°,-0.8°,1.9 м/с,70.1 мм,-
Коломия,6.2021,+17.9 °,+30.2°,+7.8°,1.7 м/с,83.5 мм,-
Коломия,7.2021,+21.2 °,+31.8°,+12.5°,1.3 м/с,109.6 мм,-
Коломия,8.2021,+18 °,+30.8°,+7.6°,1.1 м/с,66.8 мм,-
Коломия,9.2021,+13.1 °,+25.2°,+2°,1.7 м/с,31 мм,-
Коломия,10.2021,+6.7 °,+18.3°,-5.9°,1.4 м/с,6.7 мм,-
Коломия,11.2021,+3.4 °,+15.1°,-7.9°,1.2 м/с,12.2 мм,-
Коломия,12.2021,-1.7 °,+10°,-15.6°,1.8 м/с,95.7 мм,20 см
Комісарівка,1.2021,-1.8 °,+8.4°,-24.5°,2.3 м/с,54 мм,5 см
Комісарівка,2.2021,-3.6 °,+14.3°,-21.2°,2.4 м/с,61.5 мм,9 см
Комісарівка,3.2021,+2.1 °,+13.6°,-9.7°,2.3 м/с,30.1 мм,9 см
Комісарівка,4.2021,+8 °,+20.6°,-4.4°,1.8 м/с,59 мм,-
Комісарівка,5.2021,+15.5 °,+27.1°,+0.8°,2.1 м/с,104 мм,-
Комісарівка,6.2021,+19.9 °,+33.7°,+9.3°,1.9 м/с,145 мм,-
Комісарівка,7.2021,+23.9 °,+33.6°,+12.4°,1.6 м/с,47 мм,-
Комісарівка,8.2021,+22.6 °,+33.4°,+9.4°,1.5 м/с,35.3 мм,-
Комісарівка,9.2021,+13.5 °,+27.1°,+1.2°,1.4 м/с,47.7 мм,-
Комісарівка,10.2021,+8 °,+20.3°,-6.3°,1.8 м/с,4.1 мм,-
Комісарівка,11.2021,+4.4 °,+15.5°,-10.2°,1.9 м/с,38.6 мм,-
Комісарівка,12.2021,-0.7 °,+11.1°,-21.2°,2.2 м/с,60.2 мм,23 см
Конотоп,1.2021,-3.6 °,+7.1°,-22.6°,2.5 м/с,67.6 мм,23 см
Конотоп,2.2021,-6.9 °,+8.1°,-19.7°,2.1 м/с,56.6 мм,32 см
Конотоп,3.2021,+1.1 °,+12.8°,-12°,2.4 м/с,11.4 мм,12 см
Конотоп,4.2021,+7.4 °,+19.9°,-1.9°,1.9 м/с,66.2 мм,2 см
Конотоп,5.2021,+14.5 °,+24.8°,+1.7°,2.2 м/с,55.5 мм,-
Конотоп,6.2021,+20.5 °,+34.5°,+6.2°,2.3 м/с,72.1 мм,-
Конотоп,7.2021,+23.9 °,+32.7°,+11.8°,1.5 м/с,12.5 мм,-
Конотоп,8.2021,+21.1 °,+32°,+12.2°,1.5 м/с,88.2 мм,-
Конотоп,9.2021,+11.9 °,+26°,+1°,1.5 м/с,82.9 мм,-
Конотоп,10.2021,+6.9 °,+17.5°,-2.5°,1.9 м/с,32.4 мм,-
Конотоп,11.2021,+3.4 °,+13.5°,-8.9°,2.6 м/с,39.1 мм,0.7 см
Конотоп,12.2021,-2.6 °,+6.4°,-13.9°,2.5 м/с,56.7 мм,8 см
Красноград,1.2021,-2.4 °,+7°,-22°,3.2 м/с,76.1 мм,13 см
Красноград,2.2021,-4.9 °,+10.1°,-16.9°,2.8 м/с,74.5 мм,6 см
Красноград,3.2021,+1.3 °,+13.7°,-12.8°,2.9 м/с,17.2 мм,4 см
Красноград,4.2021,+8 °,+19.3°,-1°,2.5 м/с,50.8 мм,-
Красноград,5.2021,+16 °,+27.6°,+3.7°,2.7 м/с,82.3 мм,-
Красноград,6.2021,+20.4 °,+34.8°,+9°,2.3 м/с,107 мм,-
Красноград,7.2021,+24.3 °,+33.5°,+13.5°,2 м/с,29.3 мм,-
Красноград,8.2021,+23.2 °,+33.4°,+14.2°,1.9 м/с,53.7 мм,-
Красноград,9.2021,+13.7 °,+27.4°,+3.3°,1.8 м/с,36.2 мм,-
Красноград,10.2021,+8.6 °,+19.5°,-2.3°,2 м/с,8.6 мм,-
Красноград,11.2021,+4 °,+15.1°,-6.7°,2.7 м/с,35.2 мм,-
Красноград,12.2021,-1.6 °,+10.4°,-16.6°,2.9 м/с,47.2 мм,19 см
Крем’янець,1.2021,-1.6 °,+9.4°,-18°,2.7 м/с,47.6 мм,12 см
Крем’янець,2.2021,-2.6 °,+12°,-14.4°,2.7 м/с,70.1 мм,46 см
Крем’янець,3.2021,+2 °,+16.7°,-6°,2.1 м/с,51.2 мм,3 см
Крем’янець,4.2021,+6.8 °,+19.4°,-1.5°,2.4 м/с,36.8 мм,2 см
Крем’янець,5.2021,+13.6 °,+23.4°,+3.4°,2.8 м/с,52.3 мм,-
Крем’янець,6.2021,+19.2 °,+33°,+6.4°,1.7 м/с,76.5 мм,-
Крем’янець,7.2021,+22.4 °,+33.3°,+12°,1.8 м/с,74.1 мм,-
Крем’янець,8.2021,+18.2 °,+30.1°,+11°,1.5 м/с,150.2 мм,-
Крем’янець,9.2021,+12.9 °,+25°,+3.5°,2 м/с,87.3 мм,-
Крем’янець,10.2021,+8.5 °,+17.8°,-1.4°,3.5 м/с,2.3 мм,-
Крем’янець,11.2021,+5.1 °,+14.3°,-2.9°,2.9 м/с,16.3 мм,-
Крем’янець,12.2021,-2.1 °,+8°,-13.4°,2.3 м/с,112.1 мм,22 см
Кривий Ріг,1.2021,-1.7 °,+9.2°,-20.4°,4.5 м/с,58.3 мм,3 см
Кривий Ріг,2.2021,-3.2 °,+13.4°,-19.8°,4.7 м/с,46 мм,12 см
Кривий Ріг,3.2021,+2.1 °,+14.6°,-9.5°,4.4 м/с,33.3 мм,6 см
Кривий Ріг,4.2021,+8.3 °,+21.6°,-1.2°,3.9 м/с,49.3 мм,-
Кривий Ріг,5.2021,+15.5 °,+27.9°,+2.4°,4.1 м/с,70.1 мм,-
Кривий Ріг,6.2021,+19.9 °,+32.6°,+9.2°,3.6 м/с,136.5 мм,-
Кривий Ріг,7.2021,+24.4 °,+35°,+14°,3.3 м/с,34.7 мм,-
Кривий Ріг,8.2021,+23.3 °,+34.2°,+12.9°,4.2 м/с,35 мм,-
Кривий Ріг,9.2021,+14.5 °,+28.6°,+3.3°,3.8 м/с,57.2 мм,-
Кривий Ріг,10.2021,+9 °,+20.5°,-2.7°,4.2 м/с,8.1 мм,-
Кривий Ріг,11.2021,+4.7 °,+16.2°,-6.2°,4.1 м/с,38.5 мм,3 см
Кривий Ріг,12.2021,-0.1 °,+11.7°,-14.3°,4.7 м/с,43 мм,11 см
Куп’янськ,1.2021,-1.9 °,+7°,-26.6°,2.3 м/с,54.7 мм,16 см
Куп’янськ,2.2021,-4.2 °,+13°,-19.4°,2.3 м/с,47.2 мм,7 см
Куп’янськ,3.2021,+1.2 °,+14°,-14.5°,2.4 м/с,13.1 мм,2 см
Куп’янськ,4.2021,+9.1 °,+22.9°,-2.2°,2.2 м/с,42.7 мм,-
Куп’янськ,5.2021,+16.6 °,+28.7°,+4.5°,2.2 м/с,70.7 мм,-
Куп’янськ,6.2021,+21.2 °,+37.1°,+11°,2 м/с,41.8 мм,-
Куп’янськ,7.2021,+24.9 °,+36.6°,+13.1°,1.9 м/с,21.9 мм,-
Куп’янськ,8.2021,+24.8 °,+35.6°,+13.7°,1.7 м/с,18.4 мм,-
Куп’янськ,9.2021,+13.6 °,+27.6°,+0.8°,1.5 м/с,45.9 мм,-
Куп’янськ,10.2021,+7.9 °,+19.5°,-6.6°,1.8 м/с,0.4 мм,-
Куп’янськ,11.2021,+3.6 °,+16°,-13.4°,2.2 м/с,28.3 мм,-
Куп’янськ,12.2021,-1.6 °,+11.7°,-21.2°,2.2 м/с,47.1 мм,20 см
Лозова,1.2021,-2 °,+7.2°,-21°,3.5 м/с,72.4 мм,10 см
Лозова,2.2021,-4.3 °,+12.6°,-16.7°,3.3 м/с,47.8 мм,3 см
Лозова,3.2021,+1 °,+14.2°,-13.9°,3.2 м/с,30.6 мм,5 см
Лозова,4.2021,+8.2 °,+20.4°,-1.6°,2.9 м/с,64.1 мм,-
Лозова,5.2021,+15.8 °,+27.8°,+3.4°,3.1 м/с,80.9 мм,-
Лозова,6.2021,+19.7 °,+32.6°,+9.8°,2.9 м/с,152.2 мм,-
Лозова,7.2021,+23.7 °,+33.6°,+14°,2.1 м/с,88.9 мм,-
Лозова,8.2021,+23.7 °,+33.2°,+12.6°,2 м/с,11.5 мм,-
Лозова,9.2021,+13.6 °,+27.2°,+1.3°,2.1 м/с,33.5 мм,-
Лозова,10.2021,+8.1 °,+19.2°,-2.8°,2.6 м/с,3.3 мм,-
Лозова,11.2021,+3.9 °,+15.4°,-9.1°,3 м/с,42.5 мм,-
Лозова,12.2021,-1.5 °,+10.6°,-17.1°,3.2 м/с,46.8 мм,16 см
Лубни,1.2021,-2.8 °,+7.1°,-20.9°,2.1 м/с,74 мм,10 см
Лубни,2.2021,-5.6 °,+8.2°,-18.8°,2.1 м/с,65.4 мм,24 см
Лубни,3.2021,+1.8 °,+13.7°,-8.6°,2.1 м/с,27.2 мм,6 см
Лубни,4.2021,+7.6 °,+21.3°,-1.5°,1.7 м/с,26.6 мм,-
Лубни,5.2021,+14.7 °,+25.4°,+2°,2 м/с,75.6 мм,-
Лубни,6.2021,+20.6 °,+33.9°,+8.6°,1.6 м/с,76 мм,-
Лубни,7.2021,+24.1 °,+32.4°,+13.9°,1.3 м/с,32.1 мм,-
Лубни,8.2021,+21.7 °,+32.6°,+11.1°,1.7 м/с,27.1 мм,-
Лубни,9.2021,+13.1 °,+27.2°,+4.2°,1.5 м/с,62.6 мм,-
Лубни,10.2021,+7.6 °,+18.3°,-3.1°,1.5 м/с,29.2 мм,-
Лубни,11.2021,+4.2 °,+14.7°,-8.2°,2 м/с,44.7 мм,-
Лубни,12.2021,-1.5 °,+9.5°,-13.5°,2.1 м/с,84.2 мм,10 см
Луцьк,1.2021,-2 °,+7.4°,-21°,2.8 м/с,61.5 мм,15 см
Луцьк,2.2021,-3.7 °,+8.8°,-18.1°,2.8 м/с,64.1 мм,30 см
Луцьк,3.2021,+2.2 °,+18.3°,-5.9°,2.8 м/с,43.8 мм,2 см
Луцьк,4.2021,+6.9 °,+20°,-1.6°,2.8 м/с,25.5 мм,-
Луцьк,5.2021,+13.5 °,+23.2°,-0.1°,3.1 м/с,56.5 мм,-
Луцьк,6.2021,+19.9 °,+34.4°,+5.6°,2.3 м/с,35.9 мм,-
Луцьк,7.2021,+23 °,+34°,+11.4°,2.3 м/с,66.8 мм,-
Луцьк,8.2021,+18 °,+30.8°,+9.5°,2 м/с,139.3 мм,-
Луцьк,9.2021,+13 °,+25.6°,+3.3°,2.4 м/с,40.1 мм,-
Луцьк,10.2021,+8.2 °,+17.7°,-1.6°,2.7 м/с,1.8 мм,-
Луцьк,11.2021,+4.8 °,+13.8°,-4.4°,3 м/с,23.4 мм,-
Луцьк,12.2021,-2 °,+8.2°,-14.9°,2.8 м/с,69.9 мм,14 см
Львів,1.2021,-1.4 °,+9.2°,-18.2°,2.7 м/с,49.9 мм,12 см
Львів,2.2021,-2.7 °,+13.1°,-19.6°,2.6 м/с,117.9 мм,40 см
Львів,3.2021,+1.7 °,+16.7°,-8°,2.1 м/с,51.1 мм,4 см
Львів,4.2021,+5.9 °,+20.2°,-3.8°,2.7 м/с,38.6 мм,1 см
Львів,5.2021,+12.7 °,+24.2°,-0.9°,3 м/с,50.8 мм,-
Львів,6.2021,+18.4 °,+32.4°,+4.9°,1.7 м/с,94.4 мм,-
Львів,7.2021,+21.7 °,+31.8°,+12.8°,1.9 м/с,47.1 мм,-
Львів,8.2021,+17.3 °,+30.1°,+7.3°,1.8 м/с,127.9 мм,-
Львів,9.2021,+12.9 °,+24.5°,+2.5°,2.2 м/с,97.3 мм,-
Львів,10.2021,+8 °,+18.2°,-2.6°,2.8 м/с,6.7 мм,-
Львів,11.2021,+4.4 °,+13.3°,-4.3°,2.7 м/с,35 мм,-
Львів,12.2021,-1.8 °,+7.8°,-14.6°,2.9 м/с,95.1 мм,15 см
Любашівка,1.2021,-2 °,+8.8°,-18.8°,3.4 м/с,51.8 мм,32 см
Любашівка,2.2021,-3.2 °,+11.2°,-16°,3.2 м/с,34.6 мм,30 см
Любашівка,3.2021,+2 °,+14.8°,-9.6°,3.4 м/с,63.3 мм,5 см
Любашівка,4.2021,+7.3 °,+20.4°,-2.2°,2.8 м/с,48.4 мм,-
Любашівка,5.2021,+14.1 °,+25.5°,+2.3°,2.6 м/с,124.9 мм,-
Любашівка,6.2021,+19.4 °,+31.8°,+9°,2.7 м/с,91.2 мм,-
Любашівка,7.2021,+23.2 °,+32.6°,+12.4°,2.2 м/с,111.1 мм,-
Любашівка,8.2021,+20.5 °,+30.4°,+11.4°,2.1 м/с,103.2 мм,-
Любашівка,9.2021,+13.9 °,+26.3°,+3.6°,2.1 м/с,18 мм,-
Любашівка,10.2021,+8.1 °,+20.7°,-0.9°,2.2 м/с,14.2 мм,-
Любашівка,11.2021,+5.1 °,+18.5°,-8.4°,2.8 м/с,25.6 мм,-
Любашівка,12.2021,-0.3 °,+10.9°,-12.9°,3.3 м/с,72 мм,15 см
Маріуполь,1.2021,-1.2 °,+8.2°,-19.4°,4.6 м/с,93.5 мм,13 см
Маріуполь,2.2021,-2.1 °,+8°,-13.3°,4.5 м/с,21.6 мм,0.7 см
Маріуполь,3.2021,+2.1 °,+12.5°,-11.4°,4.5 м/с,50 мм,4 см
Маріуполь,4.2021,+8.6 °,+15.9°,+0.4°,4 м/с,38.4 мм,-
Маріуполь,5.2021,+16.8 °,+30.2°,+5.5°,4.3 м/с,37.5 мм,-
Маріуполь,6.2021,+21.2 °,+29.2°,+12.1°,4.2 м/с,201.8 мм,-
Маріуполь,7.2021,+25.6 °,+35.8°,+15.1°,3.7 м/с,172.2 мм,-
Маріуполь,8.2021,+24 °,+31°,+16.4°,3.7 м/с,108.2 мм,-
Маріуполь,9.2021,+15.7 °,+26.5°,+6°,3.8 м/с,37.7 мм,-
Маріуполь,10.2021,+9.5 °,+16.2°,-3.2°,5.6 м/с,5 мм,-
Маріуполь,11.2021,+5.4 °,+13.6°,-5.7°,4 м/с,45.7 мм,-
Маріуполь,12.2021,+1.3 °,+9.5°,-13.5°,5 м/с,109.9 мм,12 см
Миронівка,1.2021,-2.3 °,+9.3°,-21.4°,2.3 м/с,56.6 мм,21 см
Миронівка,2.2021,-4.7 °,+9.5°,-18.6°,2.4 м/с,49.3 мм,28 см
Миронівка,3.2021,+2.3 °,+15.2°,-7.8°,3 м/с,28.3 мм,9 см
Миронівка,4.2021,+7.7 °,+22.3°,-2.1°,2.4 м/с,47.2 мм,8 см
Миронівка,5.2021,+14.5 °,+25.2°,+2°,2.6 м/с,87 мм,-
Миронівка,6.2021,+20.1 °,+33.5°,+7.8°,2.4 м/с,109.4 мм,-
Миронівка,7.2021,+23.3 °,+32.3°,+11.8°,1.6 м/с,111.2 мм,-
Миронівка,8.2021,+20.5 °,+32.2°,+10.9°,2 м/с,88.1 мм,-
Миронівка,9.2021,+13.2 °,+26.2°,+2.2°,2 м/с,18.7 мм,-
Миронівка,10.2021,+7.6 °,+18.1°,-1.2°,1.9 м/с,17.8 мм,-
Миронівка,11.2021,+4.8 °,+15.2°,-7.3°,2.6 м/с,25.5 мм,5 см
Миронівка,12.2021,-1.1 °,+8.2°,-12.7°,2.7 м/с,63.3 мм,5 см
Могилів-Подільський,1.2021,-0.3 °,+11.6°,-17.6°,1.5 м/с,27.9 мм,3 см
Могилів-Подільський,2.2021,-1.4 °,+16.1°,-17.2°,1.6 м/с,36.1 мм,10 см
Могилів-Подільський,3.2021,+3.1 °,+15.8°,-5.3°,1.5 м/с,38 мм,2 см
Могилів-Подільський,4.2021,+8 °,+22.2°,-2.7°,1.3 м/с,25.1 мм,-
Могилів-Подільський,5.2021,+15 °,+26.2°,+1.2°,1.7 м/с,98.2 мм,-
Могилів-Подільський,6.2021,+20.5 °,+34.5°,+4°,1.6 м/с,66 мм,-
Могилів-Подільський,7.2021,+23.2 °,+34°,+11.8°,1.2 м/с,97.8 мм,-
Могилів-Подільський,8.2021,+20.7 °,+34.2°,+10.6°,1.3 м/с,86.5 мм,-
Могилів-Подільський,9.2021,+14.1 °,+27.6°,+3.1°,1.4 м/с,12.3 мм,-
Могилів-Подільський,10.2021,+8.3 °,+21.3°,-2°,1.2 м/с,0.6 мм,-
Могилів-Подільський,11.2021,+5.9 °,+19.8°,-7°,1.4 м/с,10.4 мм,-
Могилів-Подільський,12.2021,+0.4 °,+11.5°,-13.6°,1.6 м/с,77.8 мм,18 см
Ніжин,1.2021,-3.2 °,+7.2°,-22.6°,3 м/с,59.7 мм,21 см
Ніжин,2.2021,-6.2 °,+10.6°,-20.7°,2.6 м/с,58.6 мм,43 см
Ніжин,3.2021,+1.6 °,+14.8°,-10.9°,2.6 м/с,17.6 мм,10 см
Ніжин,4.2021,+7.3 °,+20.7°,-2.7°,2.2 м/с,62.2 мм,-
Ніжин,5.2021,+14.1 °,+24.4°,+0.4°,2.3 м/с,70.4 мм,-
Ніжин,6.2021,+20.7 °,+35.6°,+5.2°,2 м/с,17.8 мм,-
Ніжин,7.2021,+23.4 °,+32.8°,+12.4°,1.5 м/с,66 мм,-
Ніжин,8.2021,+20.3 °,+32°,+9.6°,1.8 м/с,78.3 мм,-
Ніжин,9.2021,+12.1 °,+26.4°,+2.5°,1.8 м/с,66.5 мм,-
Ніжин,10.2021,+6.9 °,+16.2°,-2.3°,1.9 м/с,24.1 мм,-
Ніжин,11.2021,+3.6 °,+13.6°,-8.5°,2.7 м/с,35.4 мм,-
Ніжин,12.2021,-2.2 °,+8.2°,-14.1°,2.8 м/с,53.1 мм,2 см
Миколаїв,1.2021,-0.4 °,+11.7°,-19.9°,4.5 м/с,67.9 мм,7 см
Миколаїв,2.2021,-1 °,+16.2°,-17.8°,4.5 м/с,34.5 мм,3 см
Миколаїв,3.2021,+3.5 °,+15°,-7.1°,4.4 м/с,23.6 мм,2 см
Миколаїв,4.2021,+8.7 °,+18.9°,-0.9°,3.9 м/с,36.8 мм,-
Миколаїв,5.2021,+15.5 °,+28.2°,+3.8°,4 м/с,108.6 мм,-
Миколаїв,6.2021,+20.1 °,+33.2°,+9.8°,3.7 м/с,107.5 мм,-
Миколаїв,7.2021,+24.8 °,+34.9°,+15.7°,3.5 м/с,93.5 мм,-
Миколаїв,8.2021,+23.1 °,+33.6°,+13.9°,3.9 м/с,54.4 мм,-
Миколаїв,9.2021,+15.6 °,+29.2°,+5.5°,3.9 м/с,35.4 мм,-
Миколаїв,10.2021,+9.5 °,+21.7°,-1.2°,4.2 м/с,39.4 мм,-
Миколаїв,11.2021,+6.3 °,+17.2°,-5.1°,3.9 м/с,29.8 мм,-
Миколаїв,12.2021,+1.5 °,+12.3°,-11.4°,4.5 м/с,51.3 мм,8 см
Звягель,1.2021,-2.4 °,+9.1°,-20.7°,1.7 м/с,60 мм,15 см
Звягель,2.2021,-4 °,+9.3°,-21.3°,1.7 м/с,76.7 мм,42 см
Звягель,3.2021,+1.8 °,+14.8°,-7.1°,1.7 м/с,51.9 мм,14 см
Звягель,4.2021,+7.1 °,+18.6°,-2.4°,1.6 м/с,44.3 мм,1 см
Звягель,5.2021,+13.8 °,+22.8°,+2.8°,1.6 м/с,95.5 мм,-
Звягель,6.2021,+20.2 °,+33°,+4.8°,1.1 м/с,48.3 мм,-
Звягель,7.2021,+23.3 °,+33°,+11°,1.1 м/с,98.5 мм,-
Звягель,8.2021,+18.5 °,+30.2°,+9.6°,1 м/с,86.2 мм,-
Звягель,9.2021,+12.4 °,+25.1°,+2.9°,1.2 м/с,52.6 мм,-
Звягель,10.2021,+7.7 °,+19.6°,-2.4°,1.5 м/с,2.7 мм,-
Звягель,11.2021,+4.7 °,+15°,-5.3°,1.8 м/с,19.8 мм,-
Звягель,12.2021,-1.9 °,+8.5°,-14.5°,1.6 м/с,84.5 мм,8 см
Нова Каховка,1.2021,+0.6 °,+11.9°,-17.7°,2.6 м/с,67.4 мм,2 см
Нова Каховка,2.2021,-0.3 °,+15.7°,-13.1°,2.8 м/с,12.7 мм,2 см
Нова Каховка,3.2021,+3.5 °,+14°,-8.4°,2.7 м/с,51.7 мм,1 см
Нова Каховка,4.2021,+9.1 °,+21.7°,0°,2.3 м/с,42.6 мм,-
Нова Каховка,5.2021,+16.3 °,+27.9°,+3.6°,2.1 м/с,52.8 мм,-
Нова Каховка,6.2021,+20.6 °,+33.9°,+11.2°,2.1 м/с,143.1 мм,-
Нова Каховка,7.2021,+25.3 °,+34.7°,+15.9°,2.2 м/с,106.5 мм,-
Нова Каховка,8.2021,+24.5 °,+33.5°,+15.3°,2.1 м/с,50.5 мм,-
Нова Каховка,9.2021,+16.3 °,+28.1°,+6.8°,2.3 м/с,15.6 мм,-
Нова Каховка,10.2021,+11.1 °,+22.1°,+1.4°,3 м/с,3.1 мм,-
Нова Каховка,11.2021,+7.1 °,+21.3°,-2.7°,2.3 м/с,41.1 мм,-
Нова Каховка,12.2021,+2.2 °,+12.9°,-11.8°,2.9 м/с,68.1 мм,5 см
Нова Ушиця,1.2021,-2 °,+7.9°,-19°,2.3 м/с,31.1 мм,6 см
Нова Ушиця,2.2021,-2.9 °,+12.8°,-19.2°,2.6 м/с,44.1 мм,9 см
Нова Ушиця,3.2021,+1.8 °,+12.7°,-5.6°,2.2 м/с,44.5 мм,5 см
Нова Ушиця,4.2021,+7.1 °,+20.1°,-2.1°,2.2 м/с,27.5 мм,1 см
Нова Ушиця,5.2021,+13.8 °,+23.7°,+2°,2.4 м/с,66.8 мм,-
Нова Ушиця,6.2021,+19.5 °,+32°,+8.4°,1.6 м/с,52.1 мм,-
Нова Ушиця,7.2021,+22.3 °,+31.4°,+12°,1.4 м/с,141 мм,-
Нова Ушиця,8.2021,+18.8 °,+29.8°,+9.6°,1.5 м/с,113.6 мм,-
Нова Ушиця,9.2021,+13 °,+24.7°,+3.5°,2 м/с,28.3 мм,-
Нова Ушиця,10.2021,+7.9 °,+18.6°,-1.2°,1.9 м/с,1.2 мм,-
Нова Ушиця,11.2021,+4.7 °,+16.8°,-5°,2.3 м/с,13.2 мм,-
Нова Ушиця,12.2021,-1.4 °,+9°,-14.9°,2.4 м/с,64.5 мм,9 см
Новомиргород,1.2021,-2.3 °,+9.7°,-23.2°,2.4 м/с,54.7 мм,19 см
Новомиргород,2.2021,-4.7 °,+8.5°,-22.3°,2.4 м/с,47.9 мм,25 см
Новомиргород,3.2021,+1.9 °,+14.7°,-10.2°,2.5 м/с,26.7 мм,11 см
Новомиргород,4.2021,+7.5 °,+21°,-3.3°,2.1 м/с,24.7 мм,-
Новомиргород,5.2021,+14.5 °,+25.5°,+1.3°,2.3 м/с,106 мм,-
Новомиргород,6.2021,+19.6 °,+32.2°,+8.7°,2.1 м/с,74 мм,-
Новомиргород,7.2021,+23.1 °,+32.6°,+12.2°,1.4 м/с,87.5 мм,-
Новомиргород,8.2021,+20.2 °,+31.4°,+9.3°,1.7 м/с,113.9 мм,-
Новомиргород,9.2021,+12.7 °,+26.5°,+2.7°,1.6 м/с,70.6 мм,-
Новомиргород,10.2021,+7.5 °,+18.2°,-3.1°,1.8 м/с,29.4 мм,-
Новомиргород,11.2021,+4.4 °,+15.1°,-7.8°,2.1 м/с,39.5 мм,1 см
Новомиргород,12.2021,-0.7 °,+11.3°,-14°,2.6 м/с,84.5 мм,15 см
Овруч,1.2021,-3.3 °,+6.9°,-23.6°,1.4 м/с,82.2 мм,15 см
Овруч,2.2021,-5.1 °,+12.6°,-24°,1.5 м/с,71.9 мм,40 см
Овруч,3.2021,+1.7 °,+15°,-10.2°,1.6 м/с,44.5 мм,6 см
Овруч,4.2021,+7 °,+20°,-2°,1.5 м/с,47.2 мм,-
Овруч,5.2021,+13.6 °,+23.8°,+2°,1.5 м/с,106 мм,-
Овруч,6.2021,+20.3 °,+35°,+5.4°,1.2 м/с,9.9 мм,-
Овруч,7.2021,+23.1 °,+33.7°,+12°,0.8 м/с,57.5 мм,-
Овруч,8.2021,+18.7 °,+30.8°,+9.1°,1 м/с,89.8 мм,-
Овруч,9.2021,+12 °,+24.7°,+3.5°,1.2 м/с,45.2 мм,-
Овруч,10.2021,+7.3 °,+19.2°,-3°,1.3 м/с,3 мм,-
Овруч,11.2021,+3.9 °,+14°,-4.9°,1.6 м/с,22.2 мм,-
Овруч,12.2021,-2.4 °,+7.2°,-14.6°,1.3 м/с,64.2 мм,9 см
Одеса,1.2021,+1.2 °,+10.6°,-15.5°,3.1 м/с,115.1 мм,22 см
Одеса,2.2021,+0.8 °,+17.3°,-11.1°,2.9 м/с,50.6 мм,7 см
Одеса,3.2021,+3.9 °,+12.1°,-3.4°,2.8 м/с,27.8 мм,1 см
Одеса,4.2021,+8.5 °,+15.2°,+1.8°,2.2 м/с,38.8 мм,-
Одеса,5.2021,+15 °,+24.5°,+5.7°,2.4 м/с,62.7 мм,-
Одеса,6.2021,+20.1 °,+31.5°,+9.7°,2.1 м/с,110.5 мм,-
Одеса,7.2021,+24.8 °,+33.1°,+16.9°,1.6 м/с,99.3 мм,-
Одеса,8.2021,+23.4 °,+31.5°,+15.2°,1.8 м/с,42 мм,-
Одеса,9.2021,+16.8 °,+28.8°,+7.3°,2.1 м/с,13.8 мм,-
Одеса,10.2021,+11.1 °,+20.9°,+4.9°,3.1 м/с,25.3 мм,-
Одеса,11.2021,+8.3 °,+15.5°,-1°,2.7 м/с,25.6 мм,-
Одеса,12.2021,+3 °,+12.2°,-9.4°,3.2 м/с,88.6 мм,5 см
Олевськ,1.2021,-2.7 °,+9.1°,-22°,2.2 м/с,64.7 мм,17 см
Олевськ,2.2021,-4.4 °,+13.2°,-25.2°,2.3 м/с,68.1 мм,47 см
Олевськ,3.2021,+1.6 °,+16.2°,-10.4°,2.5 м/с,42.8 мм,6 см
Олевськ,4.2021,+6.6 °,+19.8°,-4°,2.4 м/с,58.5 мм,-
Олевськ,5.2021,+13.5 °,+23.3°,+1°,2.6 м/с,87.6 мм,-
Олевськ,6.2021,+20.1 °,+35.3°,+3.7°,2.1 м/с,28.4 мм,-
Олевськ,7.2021,+23 °,+34.1°,+8.4°,1.8 м/с,35.8 мм,-
Олевськ,8.2021,+17.7 °,+29.6°,+6.6°,1.7 м/с,86 мм,-
Олевськ,9.2021,+11.7 °,+24.8°,+0.3°,2 м/с,52.1 мм,-
Олевськ,10.2021,+7.3 °,+20.9°,-5.3°,2.4 м/с,5.2 мм,-
Олевськ,11.2021,+4.3 °,+13.6°,-6.8°,2.7 м/с,34.8 мм,-
Олевськ,12.2021,-2.2 °,+8.4°,-16.5°,2.5 м/с,73.1 мм,11 см
Полтава,1.2021,-2.6 °,+7°,-21.6°,2.3 м/с,78.6 мм,6 см
Полтава,2.2021,-5 °,+10.2°,-17.8°,2.4 м/с,74.2 мм,7 см
Полтава,3.2021,+1.5 °,+12°,-11°,2.5 м/с,12.7 мм,3 см
Полтава,4.2021,+8.1 °,+19.8°,+0.1°,1.7 м/с,53.4 мм,-
Полтава,5.2021,+15.5 °,+27.9°,+3.6°,2.5 м/с,58.5 мм,-
Полтава,6.2021,+20.2 °,+32.8°,+8.6°,2.5 м/с,134.9 мм,-
Полтава,7.2021,+24.2 °,+33.2°,+13.2°,2.1 м/с,18.7 мм,-
Полтава,8.2021,+22.7 °,+32.6°,+12.4°,2 м/с,71.2 мм,-
Полтава,9.2021,+13.5 °,+26.8°,+3.8°,1.8 м/с,42.7 мм,-
Полтава,10.2021,+8.2 °,+18.6°,-2.5°,1.9 м/с,5.1 мм,-
Полтава,11.2021,+4.2 °,+15.4°,-8.6°,2 м/с,45.9 мм,-
Полтава,12.2021,-1.5 °,+9.7°,-14.4°,2.4 м/с,46.1 мм,12 см
Прилуки,1.2021,-3.3 °,+7.7°,-23.8°,2.5 м/с,67.7 мм,26 см
Прилуки,2.2021,-6.5 °,+8°,-21.4°,2 м/с,36.8 мм,32 см
Прилуки,3.2021,+1.7 °,+14.9°,-11.2°,2.6 м/с,13 мм,14 см
Прилуки,4.2021,+7.3 °,+21.3°,-2.7°,2.1 м/с,62.2 мм,1 см
Прилуки,5.2021,+14.3 °,+25.1°,-0.1°,2.4 м/с,91.9 мм,-
Прилуки,6.2021,+20.6 °,+35.1°,+6.6°,2.1 м/с,43.6 мм,-
Прилуки,7.2021,+23.5 °,+32°,+11.2°,1.4 м/с,46.6 мм,-
Прилуки,8.2021,+20.6 °,+32°,+11.3°,1.6 м/с,48.9 мм,-
Прилуки,9.2021,+12.3 °,+26.3°,+3.3°,1.7 м/с,80 мм,-
Прилуки,10.2021,+7.1 °,+18.2°,-3.9°,1.6 м/с,38.7 мм,-
Прилуки,11.2021,+3.9 °,+13.6°,-7.6°,2.3 м/с,40.8 мм,-
Прилуки,12.2021,-1.9 °,+8.1°,-14.2°,2.3 м/с,55.7 мм,2 см
Пришиб,1.2021,-0.9 °,+9.6°,-21.2°,2.8 м/с,59 мм,6 см
Пришиб,2.2021,-2 °,+14.8°,-15°,2.5 м/с,18.8 мм,4 см
Пришиб,3.2021,+2.5 °,+14.2°,-12°,2.6 м/с,43.8 мм,1 см
Пришиб,4.2021,+8.7 °,+21°,-0.2°,2.2 м/с,35.8 мм,-
Пришиб,5.2021,+16.1 °,+28.6°,+1.2°,2.6 м/с,25.6 мм,-
Пришиб,6.2021,+20.2 °,+32.5°,+12°,2.3 м/с,152.1 мм,-
Пришиб,7.2021,+24.6 °,+34.4°,+13.9°,2.4 м/с,65.4 мм,-
Пришиб,8.2021,+23.9 °,+34.4°,+15°,2.2 м/с,23.8 мм,-
Пришиб,9.2021,+14.9 °,+28.3°,+2.8°,2.5 м/с,17 мм,-
Пришиб,10.2021,+9.3 °,+20.4°,-5.2°,3.2 м/с,0.5 мм,-
Пришиб,11.2021,+5.1 °,+15.2°,-7.4°,2.7 м/с,31 мм,1 см
Пришиб,12.2021,+1 °,+12°,-17°,3.5 м/с,51.6 мм,4 см
Рава Руська,1.2021,-1.2 °,+10.7°,-19.3°,2.5 м/с,65.5 мм,16 см
Рава Руська,2.2021,-2.1 °,+14°,-18.3°,3 м/с,78.1 мм,39 см
Рава Руська,3.2021,+2.6 °,+18.5°,-6.1°,2.9 м/с,27.5 мм,1 см
Рава Руська,4.2021,+6.3 °,+20.8°,-3.7°,2.8 м/с,59.7 мм,1 см
Рава Руська,5.2021,+12.8 °,+24.3°,+2°,3 м/с,66.1 мм,-
Рава Руська,6.2021,+18.9 °,+32.9°,+5.6°,2 м/с,81.5 мм,-
Рава Руська,7.2021,+22.2 °,+33.3°,+12.2°,1.9 м/с,59 мм,-
Рава Руська,8.2021,+17.6 °,+31°,+7.2°,2.1 м/с,88.1 мм,-
Рава Руська,9.2021,+12.8 °,+25.3°,+2.6°,2.3 м/с,64.3 мм,-
Рава Руська,10.2021,+8.1 °,+18.8°,-3.1°,2.3 м/с,8.8 мм,-
Рава Руська,11.2021,+4.4 °,+15.9°,-4.1°,2.4 м/с,28 мм,-
Рава Руська,12.2021,-1.6 °,+8.6°,-17.6°,2.9 м/с,59 мм,8 см
Рахів,1.2021,-1 °,+6°,-11.8°,0.5 м/с,110.7 мм,20 см
Рахів,2.2021,-0.3 °,+15.8°,-13.4°,0.5 м/с,145.2 мм,15 см
Рахів,3.2021,+2 °,+16.7°,-7.1°,1 м/с,44.3 мм,4 см
Рахів,4.2021,+6.5 °,+27.5°,-2.9°,0.7 м/с,93.3 мм,2 см
Рахів,5.2021,+12.6 °,+27.4°,+0.6°,0.8 м/с,147.8 мм,-
Рахів,6.2021,+17.4 °,+31.6°,+4.5°,0.7 м/с,98.3 мм,-
Рахів,7.2021,+20.5 °,+31.5°,+12°,0.5 м/с,147.3 мм,-
Рахів,8.2021,+17.6 °,+29.4°,+8.3°,0.5 м/с,137.7 мм,-
Рахів,9.2021,+13.1 °,+26.3°,+4.8°,0.5 м/с,90.5 мм,-
Рахів,10.2021,+7.1 °,+22.3°,-3.2°,0.6 м/с,8.6 мм,-
Рахів,11.2021,+3.8 °,+20.6°,-4.3°,0.4 м/с,108.5 мм,-
Рахів,12.2021,-0.6 °,+6.2°,-16°,0.7 м/с,143.8 мм,23 см
Рівне,1.2021,-2.9 °,+8.2°,-23°,4.1 м/с,42.2 мм,11 см
Рівне,2.2021,-4.8 °,+6.4°,-20.6°,4.2 м/с,64.7 мм,33 см
Рівне,3.2021,+1.2 °,+16.4°,-8.6°,4 м/с,41.3 мм,5 см
Рівне,4.2021,+6.4 °,+19.7°,-3.1°,4.3 м/с,24.8 мм,5 см
Рівне,5.2021,+13.2 °,+23.5°,+0°,4.3 м/с,65.2 мм,-
Рівне,6.2021,+19.5 °,+33.5°,+4.4°,3 м/с,38.7 мм,-
Рівне,7.2021,+22.7 °,+34°,+9.1°,2.5 м/с,41.9 мм,-
Рівне,8.2021,+17.7 °,+30.3°,+8.6°,2.8 м/с,112.9 мм,-
Рівне,9.2021,+12.4 °,+25.6°,+2.4°,3.1 м/с,79 мм,-
Рівне,10.2021,+7.7 °,+19°,-2.9°,3.8 м/с,2.5 мм,-
Рівне,11.2021,+4.3 °,+15°,-6.3°,4.4 м/с,27.9 мм,-
Рівне,12.2021,-3 °,+7.8°,-18.3°,4.1 м/с,90.6 мм,11 см
Ромни,1.2021,-3.7 °,+7.2°,-24.1°,1.8 м/с,63.3 мм,17 см
Ромни,2.2021,-6.5 °,+9.3°,-20.2°,1.8 м/с,60.7 мм,30 см
Ромни,3.2021,+1.1 °,+13.3°,-11.9°,2.2 м/с,17.9 мм,11 см
Ромни,4.2021,+7.3 °,+20.3°,-1.5°,1.5 м/с,56.1 мм,-
Ромни,5.2021,+14.3 °,+25.6°,+1.1°,1.8 м/с,98 мм,-
Ромни,6.2021,+20.2 °,+34.3°,+6.7°,1.5 м/с,39 мм,-
Ромни,7.2021,+23.5 °,+32°,+11.2°,1.2 м/с,41.9 мм,-
Ромни,8.2021,+21.1 °,+32.1°,+11.3°,1.5 м/с,52.2 мм,-
Ромни,9.2021,+12.2 °,+27.1°,+2.3°,1.6 м/с,79.6 мм,-
Ромни,10.2021,+6.9 °,+18°,-2.1°,1.4 м/с,29.3 мм,-
Ромни,11.2021,+3.4 °,+14°,-9°,2 м/с,43 мм,-
Ромни,12.2021,-2.4 °,+6.7°,-14.8°,1.7 м/с,60.9 мм,8 см
Сарни,1.2021,-2.5 °,+8.3°,-24.4°,2.1 м/с,57.2 мм,15 см
Сарни,2.2021,-4.2 °,+13.3°,-23°,2.2 м/с,45.8 мм,28 см
Сарни,3.2021,+1.7 °,+18.5°,-9°,2.7 м/с,47.7 мм,4 см
Сарни,4.2021,+6.8 °,+20.3°,-4.4°,2.6 м/с,46.5 мм,0.7 см
Сарни,5.2021,+13.4 °,+23.7°,+1.6°,2.9 м/с,74.7 мм,-
Сарни,6.2021,+20.4 °,+34.9°,+4.4°,2.3 м/с,49.1 мм,-
Сарни,7.2021,+23.1 °,+34.3°,+10°,1.7 м/с,84.6 мм,-
Сарни,8.2021,+17.9 °,+29.9°,+8.9°,2 м/с,79.6 мм,-
Сарни,9.2021,+12.1 °,+25.4°,+1°,2.2 м/с,45.9 мм,-
Сарни,10.2021,+7.7 °,+19.8°,-3.9°,2.5 м/с,2.3 мм,-
Сарни,11.2021,+4.5 °,+13.9°,-6.1°,2.9 м/с,30.6 мм,-
Сарни,12.2021,-2.5 °,+8.4°,-19.1°,2.8 м/с,76.7 мм,8 см
Світловодськ,1.2021,-1.2 °,+9.2°,-20.7°,3 м/с,43.9 мм,5 см
Світловодськ,2.2021,-4.1 °,+11.2°,-19.7°,3 м/с,61 мм,6 см
Світловодськ,3.2021,+1.9 °,+13.8°,-8°,2.7 м/с,21.8 мм,6 см
Світловодськ,4.2021,+8.1 °,+21.4°,-0.9°,2.3 м/с,42.8 мм,-
Світловодськ,5.2021,+15.5 °,+27.6°,+5.3°,2.4 м/с,78.4 мм,-
Світловодськ,6.2021,+21.1 °,+35.4°,+9.4°,2.2 м/с,37 мм,-
Світловодськ,7.2021,+25.2 °,+33.5°,+15.8°,1.9 м/с,28.2 мм,-
Світловодськ,8.2021,+22.9 °,+34.3°,+12.2°,2.3 м/с,105.4 мм,-
Світловодськ,9.2021,+14.5 °,+26.2°,+5°,2 м/с,88.9 мм,-
Світловодськ,10.2021,+8.8 °,+18.2°,-2.7°,2.3 м/с,19.4 мм,-
Світловодськ,11.2021,+5.1 °,+15.3°,-8.6°,2.6 м/с,33.7 мм,1 см
Світловодськ,12.2021,+0.1 °,+11.2°,-14.1°,3.3 м/с,46.4 мм,7 см
Селятин,1.2021,-3.7 °,+9.2°,-23.8°,0.8 м/с,25.7 мм,16 см
Селятин,2.2021,-3.1 °,+16.2°,-20.7°,0.9 м/с,64.5 мм,39 см
Селятин,3.2021,-1.8 °,+12°,-16.1°,1 м/с,83.3 мм,39 см
Селятин,4.2021,+3.1 °,+17°,-8.8°,1.1 м/с,37.1 мм,16 см
Селятин,5.2021,+10.1 °,+24.9°,-4.5°,1.1 м/с,97.4 мм,-
Селятин,6.2021,+14.5 °,+29.2°,+3.9°,1 м/с,151.4 мм,-
Селятин,7.2021,+18.3 °,+30.7°,+7.7°,0.9 м/с,68.4 мм,-
Селятин,8.2021,+15.8 °,+30.4°,+3.7°,1.1 м/с,45.5 мм,-
Селятин,9.2021,+10.6 °,+23.2°,-1.5°,0.9 м/с,47.6 мм,-
Селятин,10.2021,+3.9 °,+19.5°,-7°,0.8 м/с,9.6 мм,-
Селятин,11.2021,+1.7 °,+17.8°,-9.2°,0.6 м/с,16.6 мм,1 см
Селятин,12.2021,-3.5 °,+6.3°,-26.2°,0.7 м/с,97.2 мм,45 см
Семенівка,1.2021,-4.2 °,+5.9°,-25.1°,3 м/с,54.8 мм,22 см
Семенівка,2.2021,-8 °,+8.5°,-26.3°,2.9 м/с,62.4 мм,46 см
Семенівка,3.2021,+0.5 °,+13.7°,-14.9°,3.1 м/с,21.5 мм,16 см
Семенівка,4.2021,+6.8 °,+20.2°,-2.7°,2.7 м/с,39.6 мм,1 см
Семенівка,5.2021,+13.5 °,+24.5°,-0.5°,2.9 м/с,82.5 мм,-
Семенівка,6.2021,+20 °,+35.7°,+5.8°,2.6 м/с,39 мм,-
Семенівка,7.2021,+22.7 °,+32.9°,+9.3°,1.7 м/с,54.4 мм,-
Семенівка,8.2021,+19.5 °,+31.8°,+7.2°,2.3 м/с,71.1 мм,-
Семенівка,9.2021,+10.8 °,+25.6°,-1.3°,2.4 м/с,82.7 мм,-
Семенівка,10.2021,+6.4 °,+18.2°,-3.5°,2.5 м/с,35.3 мм,-
Семенівка,11.2021,+2.7 °,+12.8°,-11.4°,3.4 м/с,33.9 мм,-
Семенівка,12.2021,-3.3 °,+4.3°,-13.9°,3.2 м/с,40.1 мм,6 см
Сімферополь,1.2021,+3.6 °,+15.5°,-14.4°,4.8 м/с,52.6 мм,5 см
Сімферополь,2.2021,+1.9 °,+18.6°,-13.5°,5.1 м/с,41.3 мм,13 см
Сімферополь,3.2021,+3.5 °,+18.8°,-8°,4.5 м/с,35.9 мм,4 см
Сімферополь,4.2021,+9.1 °,+20°,+0.5°,4.4 м/с,34.2 мм,-
Сімферополь,5.2021,+16.2 °,+28.9°,+4.5°,4.2 м/с,78.7 мм,-
Сімферополь,6.2021,+19.6 °,+29.1°,+12.2°,4 м/с,65 мм,-
Сімферополь,7.2021,+24.9 °,+35.8°,+15.9°,4.5 м/с,68.7 мм,-
Сімферополь,8.2021,+24.2 °,+36°,+16.2°,3.6 м/с,86 мм,-
Сімферополь,9.2021,+16 °,+26.8°,+7.2°,4.3 м/с,89.3 мм,-
Сімферополь,10.2021,+10.1 °,+20.1°,+1.6°,5.1 м/с,6.6 мм,-
Сімферополь,11.2021,+8.4 °,+24.5°,-3°,4.1 м/с,47.8 мм,-
Сімферополь,12.2021,+5.2 °,+21.1°,-10.9°,4.9 м/с,97.2 мм,8 см
Славське,1.2021,-2 °,+8.8°,-18.1°,1.4 м/с,81.3 мм,14 см
Славське,2.2021,-2.3 °,+14°,-18.7°,1.3 м/с,82.3 мм,22 см
Славське,3.2021,-0.4 °,+14.4°,-13°,1.4 м/с,68.5 мм,12 см
Славське,4.2021,+3.9 °,+18°,-7.2°,1.4 м/с,65 мм,12 см
Славське,5.2021,+10.7 °,+25.4°,-2.6°,1.6 м/с,85 мм,-
Славське,6.2021,+15.8 °,+31.9°,+1.6°,1.1 м/с,77.8 мм,-
Славське,7.2021,+19.1 °,+30.5°,+9.4°,1 м/с,141.4 мм,-
Славське,8.2021,+15.4 °,+28.3°,+6.9°,1 м/с,126.3 мм,-
Славське,9.2021,+11.1 °,+23.7°,+1.4°,1 м/с,64.6 мм,-
Славське,10.2021,+5.3 °,+21.8°,-6.6°,1 м/с,5.9 мм,-
Славське,11.2021,+2.7 °,+14°,-7.4°,1.1 м/с,60.6 мм,2 см
Славське,12.2021,-3.2 °,+3.9°,-21.2°,1 м/с,115.5 мм,32 см
Суми,1.2021,-3.9 °,+7.3°,-24.1°,4 м/с,58.1 мм,10 см
Суми,2.2021,-7.1 °,+7.6°,-21.2°,3.7 м/с,50.8 мм,17 см
Суми,3.2021,+0.6 °,+11.6°,-10.7°,3.7 м/с,15.3 мм,3 см
Суми,4.2021,+7.4 °,+20.9°,-2.7°,3.2 м/с,57.7 мм,-
Суми,5.2021,+14.6 °,+27.3°,+2.1°,3.7 м/с,61.8 мм,-
Суми,6.2021,+20.2 °,+34.7°,+6.6°,3 м/с,85.8 мм,-
Суми,7.2021,+23.4 °,+32.3°,+11.2°,2.2 м/с,28.2 мм,-
Суми,8.2021,+21.5 °,+32.7°,+9.8°,2.4 м/с,51.7 мм,-
Суми,9.2021,+12 °,+26.7°,+0.1°,2.3 м/с,41.7 мм,-
Суми,10.2021,+6.6 °,+17.7°,-5.1°,2.8 м/с,6.2 мм,-
Суми,11.2021,+3 °,+14.7°,-10.3°,3.9 м/с,49.6 мм,1 см
Суми,12.2021,-3 °,+8.5°,-17.4°,3.7 м/с,51.4 мм,8 см
Тернопіль,1.2021,-2.3 °,+6.4°,-17.6°,4 м/с,25.8 мм,7 см
Тернопіль,2.2021,-3.8 °,+10.6°,-21.4°,4.1 м/с,56.4 мм,18 см
Тернопіль,3.2021,+1.3 °,+13.3°,-6.7°,4 м/с,43.7 мм,4 см
Тернопіль,4.2021,+6.2 °,+19°,-3.2°,4 м/с,18.4 мм,1 см
Тернопіль,5.2021,+13.1 °,+23°,+1.2°,4.5 м/с,46.3 мм,-
Тернопіль,6.2021,+19 °,+31.5°,+8.1°,3.8 м/с,53.7 мм,-
Тернопіль,7.2021,+21.6 °,+32°,+12.6°,2.9 м/с,149.4 мм,-
Тернопіль,8.2021,+17.7 °,+29°,+8.4°,2.5 м/с,72 мм,-
Тернопіль,9.2021,+12.5 °,+24.4°,+3.4°,3.3 м/с,35 мм,-
Тернопіль,10.2021,+7.1 °,+17.2°,-3.5°,3.3 м/с,3.8 мм,-
Тернопіль,11.2021,+4.1 °,+14.1°,-6.5°,3.9 м/с,7.1 мм,-
Тернопіль,12.2021,-2.5 °,+8.1°,-19.6°,4.3 м/с,85.9 мм,11 см
Тетерів (Пісківка),1.2021,-2.6 °,+8.2°,-23.4°,1.4 м/с,66.6 мм,10 см
Тетерів (Пісківка),2.2021,-5 °,+11.3°,-24.6°,1.5 м/с,62.7 мм,27 см
Тетерів (Пісківка),3.2021,+2.2 °,+14.6°,-10.9°,1.6 м/с,20.9 мм,6 см
Тетерів (Пісківка),4.2021,+7.1 °,+20.2°,-3.8°,1.1 м/с,49.2 мм,-
Тетерів (Пісківка),5.2021,+13.8 °,+25.2°,+0.4°,1.4 м/с,107.3 мм,-
Тетерів (Пісківка),6.2021,+20.9 °,+36.8°,+5.4°,1.4 м/с,41.4 мм,-
Тетерів (Пісківка),7.2021,+23.8 °,+34.5°,+10.1°,0.8 м/с,81.3 мм,-
Тетерів (Пісківка),8.2021,+19.7 °,+32°,+9.2°,1.1 м/с,64.2 мм,-
Тетерів (Пісківка),9.2021,+12.1 °,+25.6°,+0.5°,1.2 м/с,36 мм,-
Тетерів (Пісківка),10.2021,+7.2 °,+17.6°,-4.3°,1 м/с,0.5 мм,-
Тетерів (Пісківка),11.2021,+4.3 °,+17°,-7.3°,1.3 м/с,17.4 мм,1 см
Тетерів (Пісківка),12.2021,-1.8 °,+8.4°,-15.4°,1.3 м/с,76.8 мм,12 см
Турка,1.2021,-2.1 °,+9.8°,-21.7°,2.3 м/с,59.5 мм,18 см
Турка,2.2021,-2.2 °,+13°,-18.4°,2.5 м/с,81 мм,38 см
Турка,3.2021,-0.1 °,+16.6°,-13.8°,1.6 м/с,66.3 мм,15 см
Турка,4.2021,+4 °,+18.3°,-10.7°,1.9 м/с,61.3 мм,14 см
Турка,5.2021,+10.6 °,+25.4°,-2.6°,2.3 м/с,63.8 мм,-
Турка,6.2021,+16 °,+32°,-0.2°,1.4 м/с,40.7 мм,-
Турка,7.2021,+19.2 °,+30.3°,+9°,1.3 м/с,123.7 мм,-
Турка,8.2021,+15.5 °,+28.1°,+5°,1.3 м/с,126.2 мм,-
Турка,9.2021,+10.7 °,+24°,+0.3°,1.4 м/с,73.2 мм,-
Турка,10.2021,+6.4 °,+19.4°,-5.9°,1.7 м/с,8 мм,-
Турка,11.2021,+3.9 °,+14.9°,-5.2°,1.8 м/с,64.6 мм,6 см
Турка,12.2021,-3.3 °,+4.7°,-22.8°,1.7 м/с,98.6 мм,28 см
Ужгород,1.2021,+0.9 °,+10.3°,-11.4°,2.3 м/с,112.8 мм,10 см
Ужгород,2.2021,+1 °,+14.5°,-11.5°,2 м/с,91 мм,5 см
Ужгород,3.2021,+4.1 °,+18.7°,-6.3°,2.3 м/с,25.6 мм,3 см
Ужгород,4.2021,+8.5 °,+21.7°,-4.9°,1.9 м/с,45.5 мм,-
Ужгород,5.2021,+14.4 °,+28.1°,+3.7°,1.8 м/с,53.8 мм,-
Ужгород,6.2021,+21.2 °,+34.6°,+5.4°,1.5 м/с,24.2 мм,-
Ужгород,7.2021,+23.7 °,+33.6°,+13°,1.3 м/с,50.7 мм,-
Ужгород,8.2021,+19.4 °,+32.3°,+9.1°,1.1 м/с,101.8 мм,-
Ужгород,9.2021,+15.1 °,+26.8°,+4°,1.1 м/с,30.9 мм,-
Ужгород,10.2021,+9 °,+22°,-3.1°,1.2 м/с,5.5 мм,-
Ужгород,11.2021,+5.2 °,+16°,-4.8°,1 м/с,78.4 мм,-
Ужгород,12.2021,+0.3 °,+7.5°,-12.7°,1.3 м/с,75.3 мм,7 см
Умань,1.2021,-2.3 °,+8.3°,-20.6°,1.9 м/с,59.7 мм,25 см
Умань,2.2021,-3.8 °,+11.4°,-18.3°,2 м/с,42.2 мм,29 см
Умань,3.2021,+2 °,+15.3°,-8.6°,2.1 м/с,33.2 мм,10 см
Умань,4.2021,+7.4 °,+21°,-2.8°,1.5 м/с,50.9 мм,-
Умань,5.2021,+14 °,+25°,+1.6°,1.4 м/с,61.3 мм,-
Умань,6.2021,+19.8 °,+32°,+8.7°,1.6 м/с,105.1 мм,-
Умань,7.2021,+23.2 °,+31.9°,+12.7°,1 м/с,91.2 мм,-
Умань,8.2021,+20.3 °,+31.4°,+11.1°,1.2 м/с,70.2 мм,-
Умань,9.2021,+13 °,+26.5°,+2.8°,1.2 м/с,15.6 мм,-
Умань,10.2021,+7.2 °,+19.6°,-3.7°,1.2 м/с,6.8 мм,-
Умань,11.2021,+4.7 °,+15.9°,-8.6°,1.5 м/с,20.2 мм,-
Умань,12.2021,-1 °,+8.7°,-14°,1.8 м/с,92.2 мм,13 см
Феодосія,1.2021,+5.1 °,+13.4°,-13.2°,3.8 м/с,38.7 мм,10 см
Феодосія,2.2021,+2.8 °,+14.6°,-7°,3.8 м/с,21.6 мм,14 см
Феодосія,3.2021,+5 °,+13.4°,-5.2°,3.9 м/с,36.1 мм,-
Феодосія,4.2021,+9.7 °,+20.7°,+3.2°,3.3 м/с,34.9 мм,-
Феодосія,5.2021,+17 °,+26.3°,+7.6°,3.5 м/с,6.9 мм,-
Феодосія,6.2021,+20.7 °,+29.6°,+13.8°,3 м/с,120.7 мм,-
Феодосія,7.2021,+26.7 °,+35.2°,+18.2°,2.9 м/с,36.7 мм,-
Феодосія,8.2021,+25.3 °,+33.8°,+16.5°,2.7 м/с,76.5 мм,-
Феодосія,9.2021,+17.7 °,+28°,+8.8°,3.4 м/с,30.6 мм,-
Феодосія,10.2021,+12 °,+19.9°,+5°,3.5 м/с,5.4 мм,-
Феодосія,11.2021,+9.9 °,+17.5°,-0.1°,3.1 м/с,32.2 мм,-
Феодосія,12.2021,+6.1 °,+14.3°,-9.8°,3.2 м/с,63 мм,1 см
Харків,1.2021,-2.5 °,+6.8°,-22°,4.3 м/с,70.4 мм,9 см
Харків,2.2021,-5 °,+12.1°,-18.9°,3.8 м/с,59.8 мм,4 см
Харків,3.2021,+1.1 °,+12.8°,-13.9°,4.1 м/с,18.2 мм,3 см
Харків,4.2021,+8.3 °,+20.9°,-2.8°,3.5 м/с,41.7 мм,-
Харків,5.2021,+15.7 °,+27.3°,+3.5°,3.9 м/с,52.7 мм,-
Харків,6.2021,+20.5 °,+34.2°,+9.4°,3.6 м/с,68.4 мм,-
Харків,7.2021,+24.7 °,+34.2°,+15.4°,3 м/с,7.3 мм,-
Харків,8.2021,+23.8 °,+34.6°,+12.1°,3.1 м/с,20.7 мм,-
Харків,9.2021,+13.4 °,+27.4°,+1.5°,2.9 м/с,27.8 мм,-
Харків,10.2021,+8.1 °,+18.9°,-4.3°,3.5 м/с,7.6 мм,-
Харків,11.2021,+3.8 °,+14.9°,-10.9°,3.9 м/с,25.2 мм,-
Харків,12.2021,-2 °,+10.1°,-18.8°,4 м/с,44.7 мм,10 см
Херсон,1.2021,+0.1 °,+10.7°,-18.9°,3.5 м/с,71.6 мм,3 см
Херсон,2.2021,-0.6 °,+13.9°,-17.2°,3.9 м/с,18.9 мм,5 см
Херсон,3.2021,+3.4 °,+15.4°,-9°,3.7 м/с,40.3 мм,5 см
Херсон,4.2021,+8.9 °,+21.8°,-1.6°,3 м/с,43.4 мм,-
Херсон,5.2021,+15.9 °,+28.8°,+3.6°,3 м/с,97.7 мм,-
Херсон,6.2021,+20.7 °,+34°,+9.4°,2.7 м/с,91.1 мм,-
Херсон,7.2021,+25.3 °,+35.8°,+15.1°,2.5 м/с,77.3 мм,-
Херсон,8.2021,+24.4 °,+35°,+14.4°,3.1 м/с,7.1 мм,-
Херсон,9.2021,+16.1 °,+29.2°,+4.8°,2.9 м/с,12.6 мм,-
Херсон,10.2021,+10.1 °,+21.3°,-2°,3.2 м/с,5.1 мм,-
Херсон,11.2021,+6.5 °,+20.7°,-4.4°,2.9 м/с,33.3 мм,-
Херсон,12.2021,+1.9 °,+13°,-12.4°,3.7 м/с,64.4 мм,6 см
Хмільник,1.2021,-2.3 °,+8.2°,-19.9°,1.9 м/с,33 мм,9 см
Хмільник,2.2021,-3.6 °,+12.6°,-21.3°,2.1 м/с,50 мм,17 см
Хмільник,3.2021,+1.6 °,+12.6°,-7°,2 м/с,53.6 мм,10 см
Хмільник,4.2021,+7 °,+20°,-2.6°,1.7 м/с,23.9 мм,1 см
Хмільник,5.2021,+13.6 °,+22.9°,+1.8°,1.9 м/с,118.7 мм,-
Хмільник,6.2021,+19.6 °,+32.4°,+6.6°,1.5 м/с,43.2 мм,-
Хмільник,7.2021,+22.6 °,+32.4°,+11.9°,1 м/с,103.8 мм,-
Хмільник,8.2021,+18.9 °,+29.4°,+9°,1 м/с,55.8 мм,-
Хмільник,9.2021,+12.6 °,+24.6°,+2.9°,1.3 м/с,24.3 мм,-
Хмільник,10.2021,+7.6 °,+20.4°,-2.4°,1.7 м/с,0 мм,-
Хмільник,11.2021,+4.8 °,+16.5°,-6°,2.1 м/с,14 мм,-
Хмільник,12.2021,-1.8 °,+8.8°,-15.9°,2.1 м/с,63.6 мм,10 см
Хмельницький,1.2021,-2.4 °,+6.2°,-19.5°,3.8 м/с,31 мм,10 см
Хмельницький,2.2021,-3.4 °,+11°,-18.7°,4 м/с,50.4 мм,15 см
Хмельницький,3.2021,+1 °,+11.9°,-7.1°,3.8 м/с,72.7 мм,14 см
Хмельницький,4.2021,+6.6 °,+20°,-2.4°,3.7 м/с,16.3 мм,2 см
Хмельницький,5.2021,+13.1 °,+22.3°,+2.1°,3.6 м/с,76.1 мм,-
Хмельницький,6.2021,+19.2 °,+32.1°,+7.9°,3.5 м/с,46.2 мм,-
Хмельницький,7.2021,+21.9 °,+32°,+12.6°,2.6 м/с,99.8 мм,-
Хмельницький,8.2021,+18.3 °,+28.5°,+10.6°,2.5 м/с,129.9 мм,-
Хмельницький,9.2021,+12.8 °,+24.7°,+3.9°,2.9 м/с,38.4 мм,-
Хмельницький,10.2021,+7.4 °,+19.4°,-1.2°,3.1 м/с,1.7 мм,-
Хмельницький,11.2021,+4.4 °,+15.4°,-5.5°,3.9 м/с,12 мм,-
Хмельницький,12.2021,-2.2 °,+8°,-15.5°,4.1 м/с,77.1 мм,8 см
Хуст,1.2021,-0.1 °,+6.6°,-12°,1.1 м/с,139.2 мм,20 см
Хуст,2.2021,+1.3 °,+15.1°,-11.8°,1.2 м/с,140.1 мм,12 см
Хуст,3.2021,+3.7 °,+16.3°,-5.3°,1.4 м/с,53.9 мм,10 см
Хуст,4.2021,+8.1 °,+21.3°,-2.2°,1.3 м/с,62.2 мм,-
Хуст,5.2021,+14.2 °,+28.2°,+2.9°,1.3 м/с,127.2 мм,-
Хуст,6.2021,+20.1 °,+35.2°,+5.4°,1.2 м/с,49.3 мм,-
Хуст,7.2021,+23.1 °,+33.5°,+10.2°,1.1 м/с,130.1 мм,-
Хуст,8.2021,+19.3 °,+32°,+10°,1.1 м/с,131.6 мм,-
Хуст,9.2021,+14.7 °,+26.6°,+5.5°,1.1 м/с,49.9 мм,-
Хуст,10.2021,+8.3 °,+23°,-2.8°,1.1 м/с,13.4 мм,-
Хуст,11.2021,+4.5 °,+14.2°,-3.8°,1 м/с,85.5 мм,-
Хуст,12.2021,+0.7 °,+6.6°,-10.2°,1 м/с,144.2 мм,13 см
Чаплине,1.2021,-1.3 °,+8.2°,-20.6°,2.7 м/с,54.6 мм,12 см
Чаплине,2.2021,-3.3 °,+13.6°,-15°,2.5 м/с,33.3 мм,4 см
Чаплине,3.2021,+1.7 °,+14.2°,-14.6°,2.5 м/с,54.1 мм,8 см
Чаплине,4.2021,+8.4 °,+21.5°,+0.1°,2 м/с,59.9 мм,-
Чаплине,5.2021,+16.1 °,+28.4°,+4°,2.1 м/с,53.3 мм,-
Чаплине,6.2021,+19.8 °,+33°,+11.2°,1.4 м/с,201.5 мм,-
Чаплине,7.2021,+24 °,+34°,+13.6°,1.3 м/с,132 мм,-
Чаплине,8.2021,+23.6 °,+34.5°,+13.1°,1.2 м/с,23.3 мм,-
Чаплине,9.2021,+14 °,+27.6°,+1°,1.3 м/с,17.4 мм,-
Чаплине,10.2021,+8.2 °,+18.6°,-2.2°,1.8 м/с,6.8 мм,-
Чаплине,11.2021,+4.2 °,+16.9°,-8.6°,2.2 м/с,37.3 мм,-
Чаплине,12.2021,-0.7 °,+11.3°,-16.5°,2.4 м/с,58.7 мм,18 см
Черкаси,1.2021,-2.3 °,+10.7°,-24°,3.3 м/с,55.3 мм,19 см
Черкаси,2.2021,-5.5 °,+10.2°,-29.1°,3.4 м/с,56.8 мм,31 см
Черкаси,3.2021,+2.1 °,+15.3°,-11°,3.5 м/с,34.4 мм,7 см
Черкаси,4.2021,+7.2 °,+21.6°,-5.4°,2.9 м/с,24.5 мм,-
Черкаси,5.2021,+14.5 °,+25°,+0.3°,3.3 м/с,115.3 мм,-
Черкаси,6.2021,+20.2 °,+33.7°,+8.3°,3.3 м/с,69.9 мм,-
Черкаси,7.2021,+23.9 °,+33.2°,+12.2°,2.4 м/с,72.7 мм,-
Черкаси,8.2021,+20.9 °,+32.3°,+8.2°,2.7 м/с,38.9 мм,-
Черкаси,9.2021,+13 °,+27.4°,+1.4°,2.8 м/с,44.3 мм,-
Черкаси,10.2021,+7.1 °,+19.4°,-7°,2.7 м/с,28.4 мм,-
Черкаси,11.2021,+4.2 °,+15.7°,-11.8°,3 м/с,33.8 мм,2 см
Черкаси,12.2021,-0.8 °,+10.4°,-17.5°,3.4 м/с,75.2 мм,10 см
Чернігів,1.2021,-3.5 °,+7.1°,-23.5°,2.9 м/с,67.3 мм,21 см
Чернігів,2.2021,-6.6 °,+10.4°,-24.7°,2.7 м/с,66.7 мм,48 см
Чернігів,3.2021,+1.8 °,+15.8°,-12.1°,3.2 м/с,20.2 мм,12 см
Чернігів,4.2021,+7.4 °,+21.2°,-3.2°,2.6 м/с,34.1 мм,-
Чернігів,5.2021,+13.8 °,+24.4°,+0.7°,2.5 м/с,76.1 мм,-
Чернігів,6.2021,+20.5 °,+35.1°,+7.1°,2.6 м/с,32.2 мм,-
Чернігів,7.2021,+23.7 °,+34.5°,+11.2°,1.6 м/с,59.3 мм,-
Чернігів,8.2021,+20.2 °,+33.3°,+9.7°,2.1 м/с,66.6 мм,-
Чернігів,9.2021,+11.6 °,+26.4°,+1.5°,2.3 м/с,65.4 мм,-
Чернігів,10.2021,+7.1 °,+18.9°,-3.7°,2.1 м/с,1.9 мм,-
Чернігів,11.2021,+3.4 °,+14.6°,-8.4°,3 м/с,22.7 мм,-
Чернігів,12.2021,-2.3 °,+7.7°,-15.1°,2.8 м/с,58.1 мм,8 см
Чорнобиль,1.2021,-3.1 °,+7.5°,-23.1°,1.6 м/с,72.6 мм,12 см
Чорнобиль,2.2021,-5.6 °,+13.9°,-24.8°,1.4 м/с,68.3 мм,37 см
Чорнобиль,3.2021,+2 °,+15.1°,-12.5°,1.6 м/с,23.5 мм,11 см
Чорнобиль,4.2021,+7.2 °,+21.6°,-3.6°,1.4 м/с,48.4 мм,-
Чорнобиль,5.2021,+13.8 °,+24.5°,-0.2°,1.4 м/с,68.5 мм,-
Чорнобиль,6.2021,+20.1 °,+35.3°,+4.9°,1.2 м/с,42.1 мм,-
Чорнобиль,7.2021,+23.5 °,+34.1°,+9.4°,0.8 м/с,10.5 мм,-
Чорнобиль,8.2021,+19.7 °,+32°,+9°,0.9 м/с,74.4 мм,-
Чорнобиль,9.2021,+11.8 °,+25.7°,+0.4°,0.9 м/с,65.5 мм,-
Чорнобиль,10.2021,+7.2 °,+18.1°,-3.6°,1.2 м/с,3.4 мм,-
Чорнобиль,11.2021,+3.8 °,+15.9°,-7°,1.6 м/с,19.4 мм,1 см
Чорнобиль,12.2021,-2.2 °,+7.7°,-16.7°,1.3 м/с,59.1 мм,10 см
Чернівці,1.2021,-0.8 °,+11.9°,-17.9°,2.9 м/с,20.4 мм,4 см
Чернівці,2.2021,-1.8 °,+15.7°,-17.4°,3.7 м/с,44.1 мм,19 см
Чернівці,3.2021,+2.9 °,+14.7°,-5°,3.4 м/с,50.6 мм,6 см
Чернівці,4.2021,+7.4 °,+20.3°,-2.2°,3 м/с,32.4 мм,-
Чернівці,5.2021,+14.2 °,+24°,+2.7°,3.4 м/с,83.8 мм,-
Чернівці,6.2021,+19.4 °,+31.5°,+10.2°,3.3 м/с,82.8 мм,-
Чернівці,7.2021,+22.6 °,+32.7°,+14.2°,2.8 м/с,77.7 мм,-
Чернівці,8.2021,+19.5 °,+29.6°,+10.3°,2.2 м/с,95.9 мм,-
Чернівці,9.2021,+14.2 °,+25.5°,+4.1°,2.8 м/с,53.4 мм,-
Чернівці,10.2021,+8.1 °,+19.6°,-2.2°,2.9 м/с,2.9 мм,-
Чернівці,11.2021,+4.9 °,+16.4°,-5.1°,2.8 м/с,14.7 мм,-
Чернівці,12.2021,-1 °,+11.3°,-10.9°,3.5 м/с,85.7 мм,16 см
Чорноморське,1.2021,+4 °,+14.9°,-10.4°,4 м/с,79.8 мм,9 см
Чорноморське,2.2021,+2.7 °,+13.7°,-9.4°,4.4 м/с,14 мм,3 см
Чорноморське,3.2021,+4.6 °,+15.6°,-8.2°,3.9 м/с,30.8 мм,-
Чорноморське,4.2021,+9.1 °,+19.3°,+2.2°,3.3 м/с,51.8 мм,-
Чорноморське,5.2021,+15.3 °,+24.1°,+6.9°,3.5 м/с,25.4 мм,-
Чорноморське,6.2021,+19.7 °,+28.8°,+12.3°,3.2 м/с,85.4 мм,-
Чорноморське,7.2021,+24.4 °,+31°,+16.1°,2.9 м/с,58.7 мм,-
Чорноморське,8.2021,+24.5 °,+37°,+16.3°,3.2 м/с,6 мм,-
Чорноморське,9.2021,+17.4 °,+26.8°,+9.1°,3.6 м/с,38.5 мм,-
Чорноморське,10.2021,+11.2 °,+19.2°,-0.4°,4 м/с,4.5 мм,-
Чорноморське,11.2021,+9.3 °,+20°,-2.4°,3.6 м/с,54.5 мм,-
Чорноморське,12.2021,+5.9 °,+18.1°,-6.2°,4.7 м/с,82.7 мм,2 см
Чигирин,1.2021,-1.7 °,+9.1°,-21.7°,3.2 м/с,44.1 мм,9 см
Чигирин,2.2021,-4.1 °,+10.4°,-19.2°,3.3 м/с,61.3 мм,17 см
Чигирин,3.2021,+2.4 °,+13.8°,-8°,3.3 м/с,25.7 мм,8 см
Чигирин,4.2021,+7.9 °,+21.1°,-1.9°,3 м/с,47.8 мм,-
Чигирин,5.2021,+15.4 °,+26.9°,+2.4°,3.2 м/с,67.3 мм,-
Чигирин,6.2021,+20.5 °,+33.2°,+9.8°,2.6 м/с,88.6 мм,-
Чигирин,7.2021,+24.3 °,+32.9°,+14.1°,2.2 м/с,45 мм,-
Чигирин,8.2021,+22.1 °,+33.2°,+11.2°,2.8 м/с,109.8 мм,-
Чигирин,9.2021,+13.9 °,+26.9°,+3.3°,2.8 м/с,35.9 мм,-
Чигирин,10.2021,+8.1 °,+19.7°,-1.3°,2.7 м/с,35.5 мм,-
Чигирин,11.2021,+4.9 °,+15.3°,-7.3°,3 м/с,34.4 мм,6 см
Чигирин,12.2021,-0.3 °,+11.5°,-14.6°,3.1 м/с,61 мм,6 см
Чортків,1.2021,-1.7 °,+7°,-19.9°,2 м/с,34.2 мм,8 см
Чортків,2.2021,-2.4 °,+13.2°,-16.7°,2.1 м/с,53.1 мм,11 см
Чортків,3.2021,+1.9 °,+13.2°,-7.1°,1.9 м/с,67.8 мм,6 см
Чортків,4.2021,+6.7 °,+21.1°,-2°,2.1 м/с,15.4 мм,-
Чортків,5.2021,+13.5 °,+23.6°,+1.8°,2.4 м/с,60.7 мм,-
Чортків,6.2021,+19 °,+30.9°,+9.8°,1.7 м/с,46.5 мм,-
Чортків,7.2021,+22 °,+31.8°,+13.5°,1.5 м/с,98.5 мм,-
Чортків,8.2021,+18.6 °,+29.4°,+9.4°,1.3 м/с,63.1 мм,-
Чортків,9.2021,+13.3 °,+24.4°,+5.2°,1.8 м/с,51.3 мм,-
Чортків,10.2021,+8 °,+18°,-1°,2 м/с,5.9 мм,-
Чортків,11.2021,+4.5 °,+14.4°,-3.6°,2 м/с,14.6 мм,-
Чортків,12.2021,-1.8 °,+8.8°,-13.6°,2.3 м/с,85.3 мм,15 см
Шепетівка,1.2021,-2.8 °,+6.1°,-21.6°,2.8 м/с,54.4 мм,19 см
Шепетівка,2.2021,-4.1 °,+9.7°,-19.2°,2.9 м/с,62.5 мм,21 см
Шепетівка,3.2021,+1.2 °,+14.2°,-7.6°,2.8 м/с,68.1 мм,10 см
Шепетівка,4.2021,+6.5 °,+18.6°,-1.6°,2.7 м/с,31.8 мм,2 см
Шепетівка,5.2021,+13.2 °,+23.7°,+0.3°,2.9 м/с,70.5 мм,-
Шепетівка,6.2021,+19.4 °,+32.2°,+5.5°,2.3 м/с,25 мм,-
Шепетівка,7.2021,+22.2 °,+32.1°,+10.6°,2 м/с,112 мм,-
Шепетівка,8.2021,+18 °,+30°,+8.7°,1.8 м/с,66.1 мм,-
Шепетівка,9.2021,+12.5 °,+25.6°,+3.7°,2 м/с,58 мм,-
Шепетівка,10.2021,+7.6 °,+20°,-2.3°,2.7 м/с,2 мм,-
Шепетівка,11.2021,+4.5 °,+14.4°,-5.7°,3 м/с,24.5 мм,-
Шепетівка,12.2021,-2.6 °,+7.2°,-17.3°,2.7 м/с,101 мм,10 см
Яготин,1.2021,-3.2 °,+7.6°,-22.7°,2.6 м/с,58.4 мм,28 см
Яготин,2.2021,-5.9 °,+9.4°,-20.1°,2.3 м/с,45 мм,32 см
Яготин,3.2021,+1.8 °,+14.9°,-10.3°,2.4 м/с,20.5 мм,10 см
Яготин,4.2021,+7.3 °,+21.3°,-2.6°,1.7 м/с,39.3 мм,-
Яготин,5.2021,+14.4 °,+25°,+1°,1.9 м/с,90 мм,-
Яготин,6.2021,+20.4 °,+34.2°,+6.8°,2 м/с,51.8 мм,-
Яготин,7.2021,+23.7 °,+32.4°,+11.4°,1.4 м/с,51.4 мм,-
Яготин,8.2021,+20.9 °,+32.5°,+10.4°,1.9 м/с,43 мм,-
Яготин,9.2021,+12.9 °,+27.1°,+1.9°,2 м/с,28.9 мм,-
Яготин,10.2021,+7.3 °,+17.5°,-2.9°,2.1 м/с,39 мм,-
Яготин,11.2021,+4.1 °,+14.4°,-8.1°,2.5 м/с,32.5 мм,1 см
Яготин,12.2021,-1.7 °,+8.3°,-14.5°,2.8 м/с,67 мм,2 см
Ялта,1.2021,+6.4 °,+14.7°,-3.8°,1.6 м/с,118.5 мм,5 см
Ялта,2.2021,+5.3 °,+17.1°,-5.1°,2.1 м/с,26.4 мм,1 см
Ялта,3.2021,+5.9 °,+16°,-3.3°,1.9 м/с,55.5 мм,-
Ялта,4.2021,+10.5 °,+18.4°,+3.9°,1.6 м/с,34.4 мм,-
Ялта,5.2021,+16.6 °,+25.8°,+9.2°,1.5 м/с,19.7 мм,-
Ялта,6.2021,+20.4 °,+29.6°,+13.6°,1.3 м/с,164.8 мм,-
Ялта,7.2021,+26.8 °,+35°,+18.9°,1.9 м/с,40 мм,-
Ялта,8.2021,+26.1 °,+33.2°,+21.4°,1.6 м/с,23 мм,-
Ялта,9.2021,+18.6 °,+28.6°,+11.1°,2.2 м/с,61.6 мм,-
Ялта,10.2021,+13.4 °,+23°,+5.9°,2.3 м/с,11.8 мм,-
Ялта,11.2021,+11 °,+19.8°,+2.8°,1.8 м/с,62 мм,-
Ялта,12.2021,+8 °,+14.6°,-5.9°,1.7 м/с,150.2 мм,9 см
